Name,Surname,Phone Number,Date of Birth,Years of Experience,Professional Expertise,Cook_Images
Ella,Grant,5612308877,1982-12-03,18,2.sous_chef,images\Cooks\1.jpg
Leo,Brooks,4725883121,1978-07-25,20,1.chef,images\Cooks\2.jpg
Ariana,Fields,3298045076,1990-11-14,14,3.A_cook,images\Cooks\3.jpg
Finn,Baxter,6542147890,1986-05-09,16,2.sous_chef,images\Cooks\4.jpg
Luna,Townsend,2125692045,1994-08-02,12,4.B_cook,images\Cooks\5.jpg
Jasper,Barrett,8014035612,1998-01-31,11,2.sous_chef,images\Cooks\6.jpg
Maeve,Saunders,9124517722,1983-10-23,17,4.B_cook,images\Cooks\7.jpg
Theo,Lucas,3238129054,1990-06-17,14,3.A_cook,images\Cooks\8.jpg
Ivy,Nichols,5104223047,1996-02-14,11,1.chef,images\Cooks\9.jpg
Milo,Hendrix,7179258098,1992-12-08,13,5.C_cook,images\Cooks\10.jpg
Nora,Stone,2157084521,1985-04-05,16,3.A_cook,images\Cooks\11.jpg
Felix,Conrad,5037196028,1981-09-30,18,5.C_cook,images\Cooks\12.jpg
Ruby,Walters,6143307632,1975-03-12,21,1.chef,images\Cooks\13.jpg
Kai,Christian,2082147812,1990-05-22,14,2.sous_chef,images\Cooks\14.jpg
Hazel,Joy,4045123981,1993-11-15,13,4.B_cook,images\Cooks\15.jpg
Oscar,Flynn,7018052164,1987-06-04,15,2.sous_chef,images\Cooks\16.jpg
Cora,Heath,3056145241,1995-01-28,12,3.A_cook,images\Cooks\17.jpg
Silas,York,6209034765,1982-12-05,17,2.sous_chef,images\Cooks\18.jpg
Eliza,Benson,4803084457,1978-04-19,20,5.C_cook,images\Cooks\19.jpg
Jude,Mercer,3187072159,1994-10-13,13,4.B_cook,images\Cooks\20.jpg
Ada,Lang,8024517098,1980-02-03,19,1.chef,images\Cooks\21.jpg
Arthur,Case,5304127094,1988-07-29,15,5.C_cook,images\Cooks\22.jpg
Iris,Malone,7853024125,1985-09-17,16,2.sous_chef,images\Cooks\23.jpg
Rowan,Frost,3048057201,1991-01-09,14,3.A_cook,images\Cooks\24.jpg
Clara,Forbes,5202014785,1983-05-30,17,2.sous_chef,images\Cooks\25.jpg
Louis,Goodwin,6057102214,1974-03-11,22,4.B_cook,images\Cooks\26.jpg
Vivian,Pope,6785142231,1990-08-08,14,1.chef,images\Cooks\27.jpg
Ronan,Golden,9138153094,1987-12-25,15,3.A_cook,images\Cooks\28.jpg
June,Harding,3346102057,1985-07-01,16,2.sous_chef,images\Cooks\29.jpg
Beckett,Clements,4063049875,1996-04-14,11,5.C_cook,images\Cooks\30.jpg
Elsie,Duffy,3072015042,1990-10-19,14,2.sous_chef,images\Cooks\31.jpg
Milo,Whitaker,4239123018,1992-11-23,13,1.chef,images\Cooks\32.jpg
Tessa,Dalton,5054123015,1979-06-08,19,3.A_cook,images\Cooks\33.jpg
Asher,Blair,9187023145,1984-02-17,17,4.B_cook,images\Cooks\34.jpg
Lila,Hodge,4132257089,1993-09-09,12,2.sous_chef,images\Cooks\35.jpg
Felix,Knox,3025043129,1978-01-05,20,1.chef,images\Cooks\36.jpg
Margot,Conrad,8608054127,1986-03-28,16,5.C_cook,images\Cooks\37.jpg
Jude,Skinner,6159042124,1994-07-22,13,3.A_cook,images\Cooks\38.jpg
Eden,Noble,2254022098,1987-11-14,15,2.sous_chef,images\Cooks\39.jpg
Theo,Drake,2075149852,1985-05-19,16,4.B_cook,images\Cooks\40.jpg
Avery,McCarty,7347059018,1992-08-16,13,1.chef,images\Cooks\41.jpg
Lillian,Mueller,5599142048,1980-02-13,19,5.C_cook,images\Cooks\42.jpg
Levi,Proctor,6018153049,1996-06-11,11,2.sous_chef,images\Cooks\43.jpg
Piper,Wilder,9012257981,1983-12-25,16,4.B_cook,images\Cooks\44.jpg
Archer,Bright,9073102047,1990-03-05,14,3.A_cook,images\Cooks\45.jpg
Willa,Childs,2527083124,1991-11-29,13,1.chef,images\Cooks\46.jpg
Jasper,Compton,5402149081,1994-01-15,12,2.sous_chef,images\Cooks\47.jpg
Phoebe,McNeill,9198146098,1978-07-09,20,5.C_cook,images\Cooks\48.jpg
Simon,Calhoun,3072148021,1986-12-21,16,3.A_cook,images\Cooks\49.jpg
Josie,Daly,4108153241,1985-06-18,16,4.B_cook,images\Cooks\50.jpg
Griffin,Dunlap,3189165423,1985-10-25,16,1.chef,images\Cooks\51.jpg
Juliet,Stafford,4193072985,1979-01-19,19,5.C_cook,images\Cooks\52.jpg
Reid,Sterling,6052173245,1987-05-23,16,2.sous_chef,images\Cooks\53.jpg
Harlow,Powers,8125094381,1992-08-14,13,3.A_cook,images\Cooks\54.jpg
Ally,Samatta,2085143021,1977-04-14,21,4.B_cook,images\Cooks\101.jpg
Magnum,Carlos,6154023187,1990-09-17,14,3.A_cook,images\Cooks\102.jpg
Abdussatorov,Nodirbek,1234567890,2000-11-18,4,1.chef,images\Cooks\103.jpg
Hikaru,Nakamura,132432231,1987-12-09,15,1.chef,images\Cooks\104.jpg
Sam,Altman,6953231032,1985-04-22,17,5.C_cook,images\Cooks\105.jpg
Razvan,Lucescu,6942069420,1979-11-18,25,1.chef,images\Cooks\106.jpg
Vladimir,Kramnik,6942991702,1975-06-25,30,1.chef,images\Cooks\107.jpg
Garry,Kasparov,+447864732421,1963-04-13,42,1.chef,images\Cooks\108.jpg
Fabiano,Caruana,6987822033,1992-07-30,13,1.chef,images\Cooks\109.jpg
Levon,Aronian,6941437785,1982-10-06,18,1.chef,images\Cooks\110.jpg
Alexios Dimitrios,Lolis,6945900419,2003-11-17,1,5.C_cook,images\Cooks\111.jpg
Kostas,Karatzas,6941269440,1969-10-08,25,2.sous_chef,images\Cooks\112.jpg
Vasilis,Kotronias,6942069420,1988-01-08,25,4.B_cook,images\Cooks\113.jpg
Mizakopoulos,Christoforos,6923401230,2003-05-09,2,3.A_cook,images\Cooks\114.jpg
Lelovitis,Dimitrios,6953271294,1989-09-09,15,2.sous_chef,images\Cooks\115.jpg
Kostas,Kavvadas,6944567420,1988-06-25,4,5.C_cook,images\Cooks\116.jpg
