Recipies_name,Equipment_name
Spiced Chickpea Curry with Coconut Milk,Pot
Spiced Chickpea Curry with Coconut Milk,Measuring Cups
Spiced Chickpea Curry with Coconut Milk,Measuring Spoons
Spiced Chickpea Curry with Coconut Milk,Skillet
Spiced Chickpea Curry with Coconut Milk,Spoon
Spiced Chickpea Curry with Coconut Milk,Can Opener
Spiced Chickpea Curry with Coconut Milk,Colander
One-Pan Lemon Garlic Salmon with Asparagus,Oven
One-Pan Lemon Garlic Salmon with Asparagus,Baking Sheet
One-Pan Lemon Garlic Salmon with Asparagus,Parchment Paper
One-Pan Lemon Garlic Salmon with Asparagus,Mixing Bowl
One-Pan Lemon Garlic Salmon with Asparagus,Whisk
One-Pan Lemon Garlic Salmon with Asparagus,Spoon
One-Pan Lemon Garlic Salmon with Asparagus,Basting Brush
Penne Arrabbiata,Large Pot
Penne Arrabbiata,Colander
Penne Arrabbiata,Pan
Penne Arrabbiata,Spoon
Chicken Fajitas,Bowl
Chicken Fajitas,Large Skillet
Chicken Fajitas,Tongs
Chicken Fajitas,Skillet
Beef and Broccoli Stir-fry,Wok
Beef and Broccoli Stir-fry,Bowl
Beef and Broccoli Stir-fry,Spoon
Tuscan White Bean Soup,Large Pot
Tuscan White Bean Soup,Spoon
Tuscan White Bean Soup,Can Opener
Greek Yogurt Marinade Chicken Souvlaki,Bowl
Greek Yogurt Marinade Chicken Souvlaki,Whisk
Greek Yogurt Marinade Chicken Souvlaki,Grill
Greek Yogurt Marinade Chicken Souvlaki,Skewers
Pad Thai,Bowl
Pad Thai,Whisk
Pad Thai,Wok
Pad Thai,Colander
Ratatouille,Skillet
Ratatouille,Spoon
Ratatouille,Cutting Board
Ratatouille,Chefs Knife
Ratatouille,Baking Dish
Chicken Tikka Masala,Large Pot
Chicken Tikka Masala,Measuring Cups
Chicken Tikka Masala,Measuring Spoons
Chicken Tikka Masala,Spoon
Chicken Tikka Masala,Immersion Blender
Caprese Salad,Plate
Caprese Salad,Knife
Beef Stroganoff,Skillet
Beef Stroganoff,Spoon
Beef Stroganoff,Whisk
Kung Pao Chicken,Wok
Kung Pao Chicken,Spoon
Salmon with Lemon Dill Sauce,Skillet
Salmon with Lemon Dill Sauce,Baking Sheet
Scrambled Eggs,Skillet
Scrambled Eggs,Whisk
Scrambled Eggs,Spatula
Pasta Primavera,Large Pot
Pasta Primavera,Colander
Pasta Primavera,Skillet
Pasta Primavera,Spoon
Beef Wellington,Large Skillet
Beef Wellington,Meat Thermometer
Beef Wellington,Rolling Pin
Beef Wellington,Plastic Wrap
Beef Wellington,Baking Sheet
Tuna Salad Sandwich,Bowl
Tuna Salad Sandwich,Fork
Tuna Salad Sandwich,Knife
Chicken Pot Pie,Large Pot
Chicken Pot Pie,Pie Plate
Chicken Pot Pie,Rolling Pin
Chicken Pot Pie,Pastry Brush
Sushi Bake,Baking Dish
Sushi Bake,Mixing Bowl
Sushi Bake,Spatula
Greek Yogurt Parfait with Granola and Berries,Spoon
Greek Yogurt Parfait with Granola and Berries,Glass
Shakshuka,Skillet
Chicken Alfredo,Large Pot
Chicken Alfredo,Whisk
Tacos,Skillet
Tacos,Spatula
Tacos,Plate
Mushroom Risotto,Large Pot
Mushroom Risotto,Spoon
Mushroom Risotto,Whisk
Avocado Toast,Toaster
Avocado Toast,Knife
Avocado Toast,Plate
Lasagna,Large Pot
Lasagna,Baking Dish
Lasagna,Spoon
Lasagna,Spatula
Bibimbap,Bowl
Bibimbap,Spoon
Chicken Noodle Soup,Large Pot
Chicken Noodle Soup,Spoon
Hummus and Veggie Wrap,Mixing Bowl
Hummus and Veggie Wrap,Whisk
Hummus and Veggie Wrap,Measuring Cups
Hummus and Veggie Wrap,Measuring Spoons
Hummus and Veggie Wrap,Can Opener
Hummus and Veggie Wrap,Colander
Hummus and Veggie Wrap,Peeler
Hummus and Veggie Wrap,Food Processor
Beef Bourguignon,Cutting Board
Beef Bourguignon,Chefs Knife
Beef Bourguignon,Measuring Cups
Beef Bourguignon,Measuring Spoons
Beef Bourguignon,Skillet
Beef Bourguignon,Saucepan
Beef Bourguignon,Stockpot
Beef Bourguignon,Tongs
Beef Bourguignon,Slotted Spoon
Beef Bourguignon,OvenMitts
Fish Tacos,Cutting Board
Fish Tacos,Chefs Knife
Fish Tacos,Mixing Bowl
Fish Tacos,Whisk
Fish Tacos,Measuring Cups
Fish Tacos,Measuring Spoons
Fish Tacos,Skillet
Fish Tacos,Spatula
Fish Tacos,Tongs
Fish Tacos,Lime Squeezer
Black Bean Burgers,Mixing Bowl
Black Bean Burgers,Whisk
Black Bean Burgers,Measuring Cups
Black Bean Burgers,Measuring Spoons
Black Bean Burgers,Skillet
Black Bean Burgers,Spatula
Lentil Soup,Mixing Bowl
Lentil Soup,Whisk
Lentil Soup,Measuring Cups
Lentil Soup,Measuring Spoons
Lentil Soup,Saucepan
Lentil Soup,Stockpot
Lentil Soup,Colander
Lentil Soup,Can Opener
Chicken Caesar Salad,Cutting Board
Chicken Caesar Salad,Chefs Knife
Chicken Caesar Salad,Mixing Bowl
Chicken Caesar Salad,Whisk
Chicken Caesar Salad,Measuring Cups
Chicken Caesar Salad,Measuring Spoons
Chicken Caesar Salad,Salad Spinner
Chicken Caesar Salad,Grater
French Toast,Mixing Bowl
French Toast,Whisk
French Toast,Measuring Cups
French Toast,Measuring Spoons
French Toast,Skillet
French Toast,Spatula
Moussaka,Cutting Board
Moussaka,Chefs Knife
Moussaka,Mixing Bowl
Moussaka,Whisk
Moussaka,Measuring Cups
Moussaka,Measuring Spoons
Moussaka,Skillet
Moussaka,Saucepan
Moussaka,Baking Sheet
Moussaka,OvenMitts
Moussaka,Spatula
Paella Valenciana,Cutting Board
Paella Valenciana,Chefs Knife
Paella Valenciana,Mixing Bowl
Paella Valenciana,Whisk
Paella Valenciana,Measuring Cups
Paella Valenciana,Measuring Spoons
Paella Valenciana,Skillet
Paella Valenciana,Saucepan
Paella Valenciana,Stockpot
Paella Valenciana,Spatula
Falafel Pita Pockets,Mixing Bowl
Falafel Pita Pockets,Whisk
Falafel Pita Pockets,Measuring Cups
Falafel Pita Pockets,Measuring Spoons
Falafel Pita Pockets,Food Processor
Falafel Pita Pockets,Colander
Falafel Pita Pockets,Peeler
Tom Yum Soup,Large Pot
Tom Yum Soup,Spoon
Shepherd's Pie,Large Pot
Shepherd's Pie,Skillet
Shepherd's Pie,Spoon
Shepherd's Pie,Masher
Pancakes,Mixing Bowl
Pancakes,Whisk
Pancakes,Skillet
Pancakes,Spatula
Kimchi Jjigae (Kimchi Stew),Pot
Kimchi Jjigae (Kimchi Stew),Spoon
Green Curry with Chicken,Large Pot
Green Curry with Chicken,Wok
Green Curry with Chicken,Spoon
Guacamole,Bowl
Guacamole,Fork
Spaghetti Carbonara,Large Pot
Spaghetti Carbonara,Pan
Spaghetti Carbonara,Whisk
Spaghetti Carbonara,Fork
Fruit Salad,Bowl
Fruit Salad,Spoon
Apple Crumble,Baking Dish
Apple Crumble,Mixing Bowl
Apple Crumble,Spoon
Chicken Katsu Curry,Large Pot
Chicken Katsu Curry,Skillet
Chicken Katsu Curry,Colander
Chicken Katsu Curry,Frying Pan
Hummus Wrap,Mixing Bowl
Hummus Wrap,Whisk
Hummus Wrap,Measuring Cups
Hummus Wrap,Measuring Spoons
Hummus Wrap,Can Opener
Hummus Wrap,Colander
Hummus Wrap,Peeler
Chicken Shawarma,Cutting Board
Chicken Shawarma,Chefs Knife
Chicken Shawarma,Measuring Cups
Chicken Shawarma,Measuring Spoons
Chicken Shawarma,Skillet
Chicken Shawarma,Marinade Bowl
Chicken Shawarma,Tongs
Potato Leek Soup,Cutting Board
Potato Leek Soup,Chefs Knife
Potato Leek Soup,Mixing Bowl
Potato Leek Soup,Whisk
Potato Leek Soup,Measuring Cups
Potato Leek Soup,Measuring Spoons
Potato Leek Soup,Saucepan
Potato Leek Soup,Stockpot
Potato Leek Soup,Colander
Butter Chicken,Cutting Board
Butter Chicken,Chefs Knife
Butter Chicken,Mixing Bowl
Butter Chicken,Whisk
Butter Chicken,Measuring Cups
Butter Chicken,Measuring Spoons
Butter Chicken,Skillet
Butter Chicken,Saucepan
Butter Chicken,OvenMitts
Caprese Pasta Salad,Mixing Bowl
Caprese Pasta Salad,Whisk
Caprese Pasta Salad,Measuring Cups
Caprese Pasta Salad,Measuring Spoons
Caprese Pasta Salad,Colander
Ratatouille Tian,Cutting Board
Ratatouille Tian,Chefs Knife
Ratatouille Tian,Mixing Bowl
Ratatouille Tian,Measuring Cups
Ratatouille Tian,Measuring Spoons
Ratatouille Tian,Skillet
Ratatouille Tian,Baking Sheet
Ratatouille Tian,OvenMitts
Chicken and Dumplings,Cutting Board
Chicken and Dumplings,Chefs Knife
Chicken and Dumplings,Mixing Bowl
Chicken and Dumplings,Whisk
Chicken and Dumplings,Measuring Cups
Chicken and Dumplings,Measuring Spoons
Chicken and Dumplings,Saucepan
Chicken and Dumplings,Stockpot
Chicken and Dumplings,Rolling Pin
Chicken and Dumplings,Skillet
Chicken and Dumplings,Spatula
Baklava,Mixing Bowl
Baklava,Whisk
Baklava,Measuring Cups
Baklava,Measuring Spoons
Baklava,Skillet
Baklava,Saucepan
Baklava,Baking Sheet
Baklava,OvenMitts
Club Sandwich,Cutting Board
Club Sandwich,Chefs Knife
Club Sandwich,Toaster
Beef Vindaloo,Cutting Board
Beef Vindaloo,Chefs Knife
Beef Vindaloo,Mixing Bowl
Beef Vindaloo,Whisk
Beef Vindaloo,Measuring Cups
Beef Vindaloo,Measuring Spoons
Beef Vindaloo,Skillet
Beef Vindaloo,Saucepan
Tuna Noodle Casserole,Large Pot
Tuna Noodle Casserole,Mixing Bowl
Tuna Noodle Casserole,Spoon
Chicken Marsala,Large Pot
Chicken Marsala,Skillet
Chicken Marsala,Spoon
Spring Rolls,Bowl
Spring Rolls,Spoon
Spring Rolls,Rolling Pin
Egg Salad Sandwich,Bowl
Egg Salad Sandwich,Fork
Egg Salad Sandwich,Knife
Tom Kha Gai (Thai Chicken Coconut Soup),Large Pot
Tom Kha Gai (Thai Chicken Coconut Soup),Spoon
Grilled Cheese Sandwich,Skillet
Grilled Cheese Sandwich,Spatula
Beef Enchiladas,Large Pot
Beef Enchiladas,Skillet
Beef Enchiladas,Spoon
Beef Enchiladas,Baking Dish
Pan-Seared Salmon with Lemon Butter Sauce,Skillet
Pan-Seared Salmon with Lemon Butter Sauce,Spatula
Pad See Ew,Wok
Pad See Ew,Spoon
Chicken Stir-fry with Broccoli,Wok
Chicken Stir-fry with Broccoli,Spoon
Chicken Stir-fry with Broccoli,Skillet
Chicken Pot Pie with Puff Pastry,Cutting Board
Chicken Pot Pie with Puff Pastry,Chefs Knife
Chicken Pot Pie with Puff Pastry,Mixing Bowl
Chicken Pot Pie with Puff Pastry,Whisk
Chicken Pot Pie with Puff Pastry,Measuring Cups
Chicken Pot Pie with Puff Pastry,Measuring Spoons
Chicken Pot Pie with Puff Pastry,Saucepan
Chicken Pot Pie with Puff Pastry,Stockpot
Chicken Pot Pie with Puff Pastry,Rolling Pin
Chicken Pot Pie with Puff Pastry,Baking Sheet
Chicken Pot Pie with Puff Pastry,OvenMitts
Chocolate Chip Cookies,Mixing Bowl
Chocolate Chip Cookies,Whisk
Chocolate Chip Cookies,Measuring Cups
Chocolate Chip Cookies,Measuring Spoons
Chocolate Chip Cookies,Baking Sheet
Chocolate Chip Cookies,OvenMitts
Greek Salad,Cutting Board
Greek Salad,Chefs Knife
Greek Salad,Mixing Bowl
Greek Salad,Measuring Cups
Greek Salad,Measuring Spoons
Greek Salad,Salad Spinner
Aloo Gobi (Potato and Cauliflower Curry),Cutting Board
Aloo Gobi (Potato and Cauliflower Curry),Chefs Knife
Aloo Gobi (Potato and Cauliflower Curry),Mixing Bowl
Aloo Gobi (Potato and Cauliflower Curry),Whisk
Aloo Gobi (Potato and Cauliflower Curry),Measuring Cups
Aloo Gobi (Potato and Cauliflower Curry),Measuring Spoons
Aloo Gobi (Potato and Cauliflower Curry),Skillet
Aloo Gobi (Potato and Cauliflower Curry),Saucepan
Bun Bo Hue,Cutting Board
Bun Bo Hue,Chefs Knife
Bun Bo Hue,Mixing Bowl
Bun Bo Hue,Whisk
Bun Bo Hue,Measuring Cups
Bun Bo Hue,Measuring Spoons
Bun Bo Hue,Skillet
Bun Bo Hue,Saucepan
Bun Bo Hue,Stockpot
Ful Medames,Mixing Bowl
Ful Medames,Whisk
Ful Medames,Measuring Cups
Ful Medames,Measuring Spoons
Ful Medames,Skillet
Ful Medames,Spatula
Mofongo (Brazilian Mashed Plantains),Mixing Bowl
Mofongo (Brazilian Mashed Plantains),Whisk
Mofongo (Brazilian Mashed Plantains),Measuring Cups
Mofongo (Brazilian Mashed Plantains),Measuring Spoons
Mofongo (Brazilian Mashed Plantains),Potato Masher
Mofongo (Brazilian Mashed Plantains),Skillet
Bangers and Mash,Cutting Board
Bangers and Mash,Chefs Knife
Bangers and Mash,Mixing Bowl
Bangers and Mash,Whisk
Bangers and Mash,Measuring Cups
Bangers and Mash,Measuring Spoons
Bangers and Mash,Skillet
Bangers and Mash,Saucepan
Bangers and Mash,Potato Masher
Etouffee (Cajun Stew),Cutting Board
Etouffee (Cajun Stew),Chefs Knife
Etouffee (Cajun Stew),Mixing Bowl
Etouffee (Cajun Stew),Whisk
Etouffee (Cajun Stew),Measuring Cups
Etouffee (Cajun Stew),Measuring Spoons
Etouffee (Cajun Stew),Skillet
Etouffee (Cajun Stew),Stockpot
Pho Ga (Vietnamese Chicken Noodle Soup),Cutting Board
Pho Ga (Vietnamese Chicken Noodle Soup),Chefs Knife
Pho Ga (Vietnamese Chicken Noodle Soup),Mixing Bowl
Pho Ga (Vietnamese Chicken Noodle Soup),Whisk
Pho Ga (Vietnamese Chicken Noodle Soup),Measuring Cups
Pho Ga (Vietnamese Chicken Noodle Soup),Measuring Spoons
Pho Ga (Vietnamese Chicken Noodle Soup),Skillet
Pho Ga (Vietnamese Chicken Noodle Soup),Stockpot
Pho Ga (Vietnamese Chicken Noodle Soup),Colander
Pierogi (Polish Dumplings),Bowl
Pierogi (Polish Dumplings),Mixing spoon
Pierogi (Polish Dumplings),Large Pot
Pierogi (Polish Dumplings),Rolling Pin
Pierogi (Polish Dumplings),Cookie cutter
Pierogi (Polish Dumplings),Spoon
Pierogi (Polish Dumplings),Fork
Pierogi (Polish Dumplings),Skillet
Empanadas (Argentinian Pastries),Bowl
Empanadas (Argentinian Pastries),Pastry cutter
Empanadas (Argentinian Pastries),Plastic Wrap
Empanadas (Argentinian Pastries),Skillet
Empanadas (Argentinian Pastries),Oven
Empanadas (Argentinian Pastries),Rolling Pin
Empanadas (Argentinian Pastries),Cookie cutter
Empanadas (Argentinian Pastries),Spoon
Empanadas (Argentinian Pastries),Fork
Empanadas (Argentinian Pastries),Brush
Empanadas (Argentinian Pastries),Baking Sheet
Gulasch (Hungarian Stew),Dutch Oven
Gulasch (Hungarian Stew),Skillet
Gulasch (Hungarian Stew),Spoon
Gulasch (Hungarian Stew),Pot
Gulasch (Hungarian Stew),Knife
Gulasch (Hungarian Stew),Bowl
Colcannon (Irish Mashed Potatoes),Pot
Colcannon (Irish Mashed Potatoes),Skillet
Colcannon (Irish Mashed Potatoes),Bowl
Colcannon (Irish Mashed Potatoes),Spoon
Bibimbap (Korean Mixed Rice Bowl),Pot
Bibimbap (Korean Mixed Rice Bowl),Pan
Bibimbap (Korean Mixed Rice Bowl),Bowl
Bibimbap (Korean Mixed Rice Bowl),Spoon
Jerk Chicken (American Dish),Blender
Jerk Chicken (American Dish),Large bowl
Jerk Chicken (American Dish),Oven
Jerk Chicken (American Dish),Baking Sheet
Jerk Chicken (American Dish),Parchment Paper
Jerk Chicken (American Dish),Grill
Jerk Chicken (American Dish),Bowl
Borsch (Beet Soup),Large Pot
Borsch (Beet Soup),Knife
Borsch (Beet Soup),Pot
Borsch (Beet Soup),Spoon
Borsch (Beet Soup),Bowl
Curried Goat (Mexican Dish),Knife
Curried Goat (Mexican Dish),Bowl
Curried Goat (Mexican Dish),Dutch Oven
Curried Goat (Mexican Dish),Spoon
Curried Goat (Mexican Dish),Skillet
Curried Goat (Mexican Dish),Pot
Lumpia (Thai Spring Rolls),Skillet
Lumpia (Thai Spring Rolls),Spoon
Lumpia (Thai Spring Rolls),Knife
Lumpia (Thai Spring Rolls),Bowl
Lumpia (Thai Spring Rolls),Deep Fryer
Lumpia (Thai Spring Rolls),Paper towels
Sauerbraten (German Pot Roast),Cutting Board
Sauerbraten (German Pot Roast),Chefs Knife
Sauerbraten (German Pot Roast),Large Dutch Oven
Sauerbraten (German Pot Roast),Tongs
Sauerbraten (German Pot Roast),Slotted Spoon
Sauerbraten (German Pot Roast),Measuring Cups
Sauerbraten (German Pot Roast),Measuring Spoons
Sauerbraten (German Pot Roast),Skillet
Sauerbraten (German Pot Roast),Blender
Bulgogi (Korean Marinated Beef),Cutting Board
Bulgogi (Korean Marinated Beef),Chefs Knife
Bulgogi (Korean Marinated Beef),Mixing Bowl
Bulgogi (Korean Marinated Beef),Measuring Cups
Bulgogi (Korean Marinated Beef),Measuring Spoons
Bulgogi (Korean Marinated Beef),Grill
Bulgogi (Korean Marinated Beef),Tongs
Nigerian Jollof Rice,Pot
Nigerian Jollof Rice,Cutting Board
Nigerian Jollof Rice,Chefs Knife
Nigerian Jollof Rice,Measuring Cups
Nigerian Jollof Rice,Measuring Spoons
Nigerian Jollof Rice,Spoon
Sarma (Stuffed Cabbage Leaves),Large Pot
Sarma (Stuffed Cabbage Leaves),Dutch Oven
Sarma (Stuffed Cabbage Leaves),Cutting Board
Sarma (Stuffed Cabbage Leaves),Chefs Knife
Sarma (Stuffed Cabbage Leaves),Mixing Bowl
Sarma (Stuffed Cabbage Leaves),Measuring Cups
Sarma (Stuffed Cabbage Leaves),Measuring Spoons
Sarma (Stuffed Cabbage Leaves),Spoon
Gulas (Hungarian Goulash),Dutch Oven
Gulas (Hungarian Goulash),Cutting Board
Gulas (Hungarian Goulash),Chefs Knife
Gulas (Hungarian Goulash),Measuring Cups
Gulas (Hungarian Goulash),Measuring Spoons
Pirozhki (Russian Savory Buns),Mixing Bowl
Pirozhki (Russian Savory Buns),Rolling Pin
Pirozhki (Russian Savory Buns),Baking Sheet
Pirozhki (Russian Savory Buns),Oven
Pirozhki (Russian Savory Buns),Measuring Cups
Pirozhki (Russian Savory Buns),Measuring Spoons
Chicken Kyiv (Chicken Kiev),Cutting Board
Chicken Kyiv (Chicken Kiev),Chefs Knife
Chicken Kyiv (Chicken Kiev),Plate
Chicken Kyiv (Chicken Kiev),Plastic Wrap
Chicken Kyiv (Chicken Kiev),Deep Fryer
Chicken Kyiv (Chicken Kiev),Baking Sheet
Chicken Kyiv (Chicken Kiev),Tongs
Borscht (Ukrainian Borscht),Large Pot
Borscht (Ukrainian Borscht),Cutting Board
Borscht (Ukrainian Borscht),Chefs Knife
Borscht (Ukrainian Borscht),Measuring Cups
Borscht (Ukrainian Borscht),Measuring Spoons
Borscht (Ukrainian Borscht),Spoon
Shakshuka (Israeli Eggs in Spicy Tomato Sauce),Skillet
Shakshuka (Israeli Eggs in Spicy Tomato Sauce),Cutting Board
Shakshuka (Israeli Eggs in Spicy Tomato Sauce),Chefs Knife
Shakshuka (Israeli Eggs in Spicy Tomato Sauce),Measuring Cups
Shakshuka (Israeli Eggs in Spicy Tomato Sauce),Measuring Spoons
Shakshuka (Israeli Eggs in Spicy Tomato Sauce),Spatula
Palačinky (Czech Sweet Crepes),Mixing Bowl
Palačinky (Czech Sweet Crepes),Whisk
Palačinky (Czech Sweet Crepes),Non-Stick Pan
Palačinky (Czech Sweet Crepes),Spatula
Palačinky (Czech Sweet Crepes),Measuring Cups
Palačinky (Czech Sweet Crepes),Measuring Spoons
Pörkölt (Hungarian Pork Stew),Dutch Oven
Pörkölt (Hungarian Pork Stew),Knife
Pörkölt (Hungarian Pork Stew),Spoon
Pörkölt (Hungarian Pork Stew),Pot
Pörkölt (Hungarian Pork Stew),Bowl
Fiš paprikaš (Hungarian Fish Stew),Pot
Fiš paprikaš (Hungarian Fish Stew),Knife
Fiš paprikaš (Hungarian Fish Stew),Spoon
Fiš paprikaš (Hungarian Fish Stew),Bowl
Špekáčky (Grilled Sausages),Grill
Špekáčky (Grilled Sausages),Pot
Špekáčky (Grilled Sausages),Spoon
Burek (Serbian Savory Pie),Bowl
Burek (Serbian Savory Pie),Knife
Burek (Serbian Savory Pie),Skillet
Burek (Serbian Savory Pie),Rolling Pin
Burek (Serbian Savory Pie),Brush
Burek (Serbian Savory Pie),Baking Dish
Ajvar (Serbian Pepper Spread),Oven
Ajvar (Serbian Pepper Spread),Food Processor
Ajvar (Serbian Pepper Spread),Pot
Ajvar (Serbian Pepper Spread),Spoon
Cottage Cheese Pancakes (Serbian Palačinke),Bowl
Cottage Cheese Pancakes (Serbian Palačinke),Fork
Cottage Cheese Pancakes (Serbian Palačinke),Whisk
Cottage Cheese Pancakes (Serbian Palačinke),Crepe pan
Cottage Cheese Pancakes (Serbian Palačinke),Spatula
Chicken Paprikash (Hungarian Paprika Chicken),Knife
Chicken Paprikash (Hungarian Paprika Chicken),Bowl
Chicken Paprikash (Hungarian Paprika Chicken),Dutch Oven
Chicken Paprikash (Hungarian Paprika Chicken),Spoon
Chicken Paprikash (Hungarian Paprika Chicken),Pot
Chicken Paprikash (Hungarian Paprika Chicken),Whisk
Fish and Chips (English Classic),Paper towels
Fish and Chips (English Classic),Bowl
Fish and Chips (English Classic),Large Pot
Fish and Chips (English Classic),Spoon
Fish and Chips (English Classic),Knife
Fish and Chips (English Classic),Pot
Chicken Kiev Pie (English),Bowl
Chicken Kiev Pie (English),Rolling Pin
Chicken Kiev Pie (English),Knife
Chicken Kiev Pie (English),Pastry Brush
Chicken Kiev Pie (English),Oven
Ukrainian Borscht with Meatballs,Bowl
Ukrainian Borscht with Meatballs,Skillet
Ukrainian Borscht with Meatballs,Spoon
Ukrainian Borscht with Meatballs,Large Pot
Ukrainian Borscht with Meatballs,Knife
Ukrainian Borscht with Meatballs,Pot
Kreplach (Jewish Dumplings),Mixing Bowl
Kreplach (Jewish Dumplings),Rolling Pin
Kreplach (Jewish Dumplings),Cutting Board
Kreplach (Jewish Dumplings),Chefs Knife
Kreplach (Jewish Dumplings),Large Pot
Kreplach (Jewish Dumplings),Slotted Spoon
Solyanka (Russian Meat Stew),Dutch Oven
Solyanka (Russian Meat Stew),Cutting Board
Solyanka (Russian Meat Stew),Chefs Knife
Solyanka (Russian Meat Stew),Measuring Cups
Solyanka (Russian Meat Stew),Measuring Spoons
Solyanka (Russian Meat Stew),Skillet
Ceviche,Bowl
Ceviche,Cutting Board
Ceviche,Chefs Knife
Ceviche,Measuring Cups
Ceviche,Measuring Spoons
Ceviche,Spoon
Coq au Vin,Dutch Oven
Coq au Vin,Cutting Board
Coq au Vin,Chefs Knife
Coq au Vin,Measuring Cups
Coq au Vin,Measuring Spoons
Coq au Vin,Oven
Gyoza,Mixing Bowl
Gyoza,Rolling Pin
Gyoza,Cutting Board
Gyoza,Chefs Knife
Gyoza,Skillet
Gyoza,Spatula
Chicken Curry,Dutch Oven
Chicken Curry,Cutting Board
Chicken Curry,Chefs Knife
Chicken Curry,Measuring Cups
Chicken Curry,Measuring Spoons
Chicken Curry,Spoon
Falafel,Food Processor
Falafel,Mixing Bowl
Falafel,Measuring Cups
Falafel,Measuring Spoons
Falafel,Spoon
Falafel,Skillet
Falafel,Spatula
Risotto,Dutch Oven
Risotto,Mixing Bowl
Risotto,Whisk
Risotto,Measuring Cups
Risotto,Measuring Spoons
Risotto,Spoon
Tiramisu,Bowl
Tiramisu,Whisk
Tiramisu,Baking Dish
Tiramisu,Spatula
Croissants,Bowl
Croissants,Rolling Pin
Croissants,Knife
Croissants,Baking Sheet
Croissants,Plastic Wrap
Croissants,Oven
Miso Soup,Pot
Miso Soup,Spoon
Miso Soup,Bowl
Tandoori Chicken,Bowl
Tandoori Chicken,Marinate Bowl
Tandoori Chicken,Baking Sheet
Tandoori Chicken,Oven
Ćevapčići (Grilled Minced Meat Rolls),Bowl
Ćevapčići (Grilled Minced Meat Rolls),Grinder
Ćevapčići (Grilled Minced Meat Rolls),Grill
Ćevapčići (Grilled Minced Meat Rolls),Skewers
Pljeskavica (Grilled Flatbread Burger),Bowl
Pljeskavica (Grilled Flatbread Burger),Grinder
Pljeskavica (Grilled Flatbread Burger),Grill
Punjene Paprike (Stuffed Peppers),Pot
Punjene Paprike (Stuffed Peppers),Knife
Punjene Paprike (Stuffed Peppers),Baking Dish
Punjene Paprike (Stuffed Peppers),Oven
Gibanica (Savory Pie),Bowl
Gibanica (Savory Pie),Rolling Pin
Gibanica (Savory Pie),Skillet
Gibanica (Savory Pie),Baking Dish
Gibanica (Savory Pie),Brush
Pasulj (Bean Stew),Pot
Pasulj (Bean Stew),Spoon
Pasulj (Bean Stew),Bowl
Popara (Cornbread with Cheese),Bowl
Popara (Cornbread with Cheese),Skillet
Popara (Cornbread with Cheese),Spoon
Zeljanka (Sauerkraut Stew),Pot
Zeljanka (Sauerkraut Stew),Spoon
