Recipies_name,step_number,Steps_Step_Description
Spiced Chickpea Curry with Coconut Milk,1,Heat oil in a pot or dutch oven over medium heat
Spiced Chickpea Curry with Coconut Milk,2,Add onions and cook until softened
Spiced Chickpea Curry with Coconut Milk,3,Add spices and cook for 1 minute
Spiced Chickpea Curry with Coconut Milk,4,Add tomatoes (diced or canned) and cook for 5 minutes
Spiced Chickpea Curry with Coconut Milk,5,"Add coconut milk, chickpeas, and broth (optional)"
Spiced Chickpea Curry with Coconut Milk,6,"Simmer for 15-20 minutes, or until thickened"
Spiced Chickpea Curry with Coconut Milk,7,Season with salt and pepper to taste
Spiced Chickpea Curry with Coconut Milk,8,Serve over rice and garnish with cilantro (optional)
One-Pan Lemon Garlic Salmon with Asparagus,1,Preheat oven to 400°F (200°C)
One-Pan Lemon Garlic Salmon with Asparagus,2,Line a baking sheet with parchment paper
One-Pan Lemon Garlic Salmon with Asparagus,3,"Toss asparagus with olive oil, salt, and pepper"
One-Pan Lemon Garlic Salmon with Asparagus,4,Spread asparagus on the baking sheet
One-Pan Lemon Garlic Salmon with Asparagus,5,Place salmon fillets on top of the asparagus
One-Pan Lemon Garlic Salmon with Asparagus,6,"In a small bowl, combine melted butter, lemon juice, garlic, and herbs"
One-Pan Lemon Garlic Salmon with Asparagus,7,Pour the lemon garlic sauce over the salmon
One-Pan Lemon Garlic Salmon with Asparagus,8,"Bake for 15-20 minutes, or until salmon is cooked through"
Penne Arrabbiata,1,Bring a large pot of salted water to a boil
Penne Arrabbiata,2,Cook penne according to package instructions
Penne Arrabbiata,3,"While pasta is cooking, heat olive oil in a pan over medium heat"
Penne Arrabbiata,4,"Add garlic and red pepper flakes, cook until fragrant"
Penne Arrabbiata,5,"Add crushed tomatoes, salt, and pepper"
Penne Arrabbiata,6,Simmer for 10 minutes
Penne Arrabbiata,7,"Drain pasta, reserving some pasta water"
Penne Arrabbiata,8,"Toss pasta with the tomato sauce, adding reserved pasta water for desired consistency"
Penne Arrabbiata,9,Garnish with fresh parsley (optional)
Chicken Fajitas,1,Marinate chicken in fajita seasoning for at least 30 minutes
Chicken Fajitas,2,Heat a large skillet or grill pan over medium-high heat
Chicken Fajitas,3,"Add sliced peppers and onions, cook until softened"
Chicken Fajitas,4,Remove peppers and onions from the pan
Chicken Fajitas,5,Cook chicken strips in the pan until browned
Chicken Fajitas,6,Warm tortillas in a skillet or microwave
Chicken Fajitas,7,"Serve chicken fajitas with peppers, onions, tortillas, and your favorite toppings (salsa, guacamole, sour cream)"
Beef and Broccoli Stir-fry,1,Cut beef into thin strips
Beef and Broccoli Stir-fry,2,"Marinate beef in soy sauce, cornstarch, and sesame oil (optional)"
Beef and Broccoli Stir-fry,3,Heat oil in a wok or large skillet over high heat
Beef and Broccoli Stir-fry,4,Stir-fry beef until browned
Beef and Broccoli Stir-fry,5,Remove beef from the pan and set aside
Beef and Broccoli Stir-fry,6,Add broccoli florets to the pan and stir-fry for 2-3 minutes
Beef and Broccoli Stir-fry,7,"In a bowl, combine soy sauce, cornstarch, water, and sugar (optional)"
Beef and Broccoli Stir-fry,8,Pour the sauce into the pan with the broccoli and bring to a simmer
Beef and Broccoli Stir-fry,9,Return beef to the pan and cook until heated through
Tuscan White Bean Soup,1,Heat olive oil in a large pot or Dutch oven over medium heat
Tuscan White Bean Soup,2,"Add chopped onions, carrots, and celery. Cook until softened"
Tuscan White Bean Soup,3,Add garlic and cook for 1 minute
Tuscan White Bean Soup,4,Add chopped tomatoes (fresh or canned) and cook for 5 minutes
Tuscan White Bean Soup,5,"Add cannellini beans (drained and rinsed), vegetable broth, and dried herbs (thyme, rosemary)"
Tuscan White Bean Soup,6,"Bring to a boil, then reduce heat and simmer for 30 minutes"
Tuscan White Bean Soup,7,Season with salt and pepper to taste
Tuscan White Bean Soup,8,Garnish with chopped fresh parsley (optional)
Greek Yogurt Marinade Chicken Souvlaki,1,"In a bowl, whisk together Greek yogurt, lemon juice, olive oil, garlic, oregano, and paprika"
Greek Yogurt Marinade Chicken Souvlaki,2,Add chicken pieces and toss to coat
Greek Yogurt Marinade Chicken Souvlaki,3,"Marinate for at least 30 minutes, or up to overnight"
Greek Yogurt Marinade Chicken Souvlaki,4,Preheat grill or grill pan to medium-high heat
Greek Yogurt Marinade Chicken Souvlaki,5,Thread chicken pieces onto skewers
Greek Yogurt Marinade Chicken Souvlaki,6,"Grill souvlaki for 5-7 minutes per side, or until cooked through"
Greek Yogurt Marinade Chicken Souvlaki,7,"Serve with pita bread, tzatziki sauce, and salad (optional)"
Pad Thai,1,Soak rice noodles in warm water for 15 minutes
Pad Thai,2,"Whisk together eggs, fish sauce, soy sauce, and sugar in a bowl"
Pad Thai,3,Heat oil in a wok or large skillet over medium heat
Pad Thai,4,"Scramble the eggs in the pan, then set aside"
Pad Thai,5,Add tofu (cubed and pan-fried) or chicken (cooked and shredded) to the pan
Pad Thai,6,"Stir-fry vegetables (bean sprouts, chopped peanuts, scallions) for a few minutes"
Pad Thai,7,Pour the egg mixture back into the pan and toss to combine
Pad Thai,8,Drain the rice noodles and add them to the pan
Pad Thai,9,Add tamarind paste (or lime juice) and stir-fry until noodles are heated through
Pad Thai,10,Garnish with chopped cilantro and a squeeze of lime (optional)
Ratatouille,1,Preheat oven to 400°F (200°C)
Ratatouille,2,"Slice eggplant, zucchini, yellow squash, and bell peppers"
Ratatouille,3,"In a bowl, toss vegetables with olive oil, salt, and pepper"
Ratatouille,4,Spread vegetables in a single layer on a baking sheet
Ratatouille,5,"Roast for 20-25 minutes, or until tender"
Ratatouille,6,"In a separate pan, heat olive oil and saute chopped onions and garlic"
Ratatouille,7,Add chopped tomatoes (fresh or canned) and simmer for 10 minutes
Ratatouille,8,Layer the roasted vegetables in a baking dish with the tomato sauce
Ratatouille,9,Bake for an additional 10 minutes
Ratatouille,10,"Garnish with fresh herbs (basil, thyme) (optional)"
Chicken Tikka Masala,1,"Marinate chicken pieces in yogurt, lemon juice, ginger, garlic, and spices (garam masala, turmeric, cumin) for at least 30 minutes"
Chicken Tikka Masala,2,Heat oil in a pan over medium heat
Chicken Tikka Masala,3,Add chopped onions and cook until softened
Chicken Tikka Masala,4,"Add spices (cumin, coriander) and cook for 1 minute"
Chicken Tikka Masala,5,Add chopped tomatoes (fresh or canned) and cook for 5 minutes
Chicken Tikka Masala,6,Pour in coconut milk and chicken broth
Chicken Tikka Masala,7,Bring to a simmer and add the marinated chicken
Chicken Tikka Masala,8,"Cook for 15-20 minutes, or until chicken is cooked through"
Chicken Tikka Masala,9,Season with salt and pepper to taste
Chicken Tikka Masala,10,Serve over rice and garnish with fresh cilantro (optional)
Caprese Salad,1,Slice tomatoes and fresh mozzarella cheese
Caprese Salad,2,Arrange tomatoes and mozzarella on a plate in an alternating pattern
Caprese Salad,3,Drizzle with olive oil and balsamic vinegar
Caprese Salad,4,Season with salt and pepper to taste
Caprese Salad,5,Garnish with fresh basil leaves (optional)
Beef Stroganoff,1,Cut beef into thin strips
Beef Stroganoff,2,"Marinate beef in a mixture of soy sauce, Worcestershire sauce, and pepper (optional)"
Beef Stroganoff,3,Heat butter in a large pan over medium heat
Beef Stroganoff,4,Saute sliced onions and mushrooms until softened
Beef Stroganoff,5,Remove vegetables from the pan and set aside
Beef Stroganoff,6,Add the beef strips to the pan and cook until browned
Beef Stroganoff,7,Return the vegetables to the pan
Beef Stroganoff,8,Stir in flour and cook for 1 minute
Beef Stroganoff,9,Gradually whisk in beef broth and bring to a simmer
Beef Stroganoff,10,"Add Dijon mustard, tomato paste, and sour cream"
Beef Stroganoff,11,"Simmer for 5-10 minutes, or until thickened"
Beef Stroganoff,12,Season with salt and pepper to taste
Beef Stroganoff,13,Serve over cooked egg noodles
Kung Pao Chicken,1,"Marinate chicken pieces in soy sauce, cornstarch, and Shaoxing wine (or sherry) for at least 30 minutes"
Kung Pao Chicken,2,Heat oil in a wok or large skillet over high heat
Kung Pao Chicken,3,"Stir-fry peanuts for a few minutes, then remove and set aside"
Kung Pao Chicken,4,Stir-fry dried chilies and Sichuan peppercorns until fragrant
Kung Pao Chicken,5,Remove chilies and peppercorns with a slotted spoon
Kung Pao Chicken,6,Add the chicken pieces to the pan and cook until browned
Kung Pao Chicken,7,"Add chopped vegetables (bell peppers, scallions, celery)"
Kung Pao Chicken,8,Stir-fry for a few minutes
Kung Pao Chicken,9,"Pour in the prepared sauce (soy sauce, vinegar, sugar, cornstarch mixture)"
Kung Pao Chicken,10,Stir-fry until the sauce thickens
Kung Pao Chicken,11,Return the peanuts to the pan and toss to combine
Kung Pao Chicken,12,Serve over rice
Salmon with Lemon Dill Sauce,1,Preheat oven to 400°F (200°C)
Salmon with Lemon Dill Sauce,2,Season salmon fillets with salt and pepper
Salmon with Lemon Dill Sauce,3,"In a small bowl, combine melted butter, lemon juice, chopped dill, and garlic (optional)"
Salmon with Lemon Dill Sauce,4,Place salmon fillets in a baking dish
Salmon with Lemon Dill Sauce,5,Pour the lemon dill sauce over the salmon
Salmon with Lemon Dill Sauce,6,"Bake for 12-15 minutes, or until salmon is cooked through"
Salmon with Lemon Dill Sauce,7,Serve with roasted vegetables or rice (optional)
Scrambled Eggs,1,"Whisk eggs, salt, and pepper in a bowl"
Scrambled Eggs,2,Heat butter in a non-stick skillet over medium heat
Scrambled Eggs,3,Pour in the egg mixture and reduce heat to medium-low
Scrambled Eggs,4,"Gently fold the eggs with a spatula until cooked through, but still moist"
Scrambled Eggs,5,Remove from heat and serve immediately
Pasta Primavera,1,Bring a large pot of salted water to a boil
Pasta Primavera,2,Cook pasta according to package directions
Pasta Primavera,3,"While pasta cooks, prepare the vegetables (e.g., chop broccoli, carrots, etc.)"
Pasta Primavera,4,Heat olive oil in a large skillet over medium heat
Pasta Primavera,5,Sauté vegetables until tender-crisp
Pasta Primavera,6,"Drain pasta, reserving some pasta water"
Pasta Primavera,7,"Toss cooked pasta, vegetables, and your favorite sauce (e.g., pesto, marinara) in a large bowl"
Pasta Primavera,8,Add a splash of reserved pasta water to create a desired consistency
Pasta Primavera,9,Season with salt and pepper to taste
Pasta Primavera,10,Serve immediately
Beef Wellington,1,"Butterfly a beef tenderloin by carefully slicing it horizontally, leaving one side attached"
Beef Wellington,2,Season the tenderloin with salt and pepper
Beef Wellington,3,Spread a layer of Dijon mustard over the tenderloin
Beef Wellington,4,Layer prosciutto slices over the mustard-coated tenderloin
Beef Wellington,5,Spread a layer of duxelles (a mushroom paste) over the prosciutto
Beef Wellington,6,"Roll up the tenderloin tightly, securing it with butcher's twine"
Beef Wellington,7,Sear the Wellington in a hot skillet on all sides until browned
Beef Wellington,8,Transfer the Wellington to a baking sheet and brush with beaten egg
Beef Wellington,9,Bake in a preheated oven at 400°F (200°C) until cooked through to desired doneness
Beef Wellington,10,Let rest for 10 minutes before slicing and serving
Tuna Salad Sandwich,1,"Mix flaked tuna with mayonnaise, chopped celery, onion (optional), and seasonings (e.g., salt, pepper, lemon juice)"
Tuna Salad Sandwich,2,Spread the tuna salad mixture on one slice of bread
Tuna Salad Sandwich,3,"Top with lettuce, tomato, and other desired toppings (optional)"
Tuna Salad Sandwich,4,Add the other slice of bread and enjoy
Chicken Pot Pie,1,Preheat oven to 400°F (200°C)
Chicken Pot Pie,2,Cook diced chicken breasts or thighs in a pot until cooked through
Chicken Pot Pie,3,"Sauté chopped vegetables (e.g., carrots, peas, onions) in butter or olive oil"
Chicken Pot Pie,4,"Prepare a chicken gravy using broth, flour, and seasonings"
Chicken Pot Pie,5,"Combine cooked chicken, vegetables, and gravy in a baking dish"
Chicken Pot Pie,6,Line a pie dish with puff pastry or pie crust
Chicken Pot Pie,7,Pour the chicken mixture into the lined pie dish
Chicken Pot Pie,8,"Top with another layer of puff pastry or pie crust, crimping the edges to seal"
Chicken Pot Pie,9,Brush the top crust with milk or egg wash for browning
Chicken Pot Pie,10,"Bake for 30-40 minutes, or until the crust is golden brown and the filling is bubbly"
Chicken Pot Pie,11,Let cool slightly before serving
Sushi Bake,1,Cook sushi rice according to package instructions
Sushi Bake,2,"In a large bowl, combine cooked rice, sushi vinegar, sugar, and salt"
Sushi Bake,3,Spread the seasoned rice in a baking dish lined with parchment paper
Sushi Bake,4,"Top with your favorite sushi fillings (sliced vegetables, cooked seafood, cooked chicken)"
Sushi Bake,5,Whisk together eggs with a splash of soy sauce
Sushi Bake,6,Pour the egg mixture over the sushi fillings
Sushi Bake,7,"Bake in a preheated oven at 400°F (200°C) for 20-25 minutes, or until the egg is set"
Sushi Bake,8,"Slice and serve with soy sauce, pickled ginger, and wasabi (optional)"
Greek Yogurt Parfait with Granola and Berries,1,"Layer Greek yogurt, granola, and berries in a glass or parfait dish"
Greek Yogurt Parfait with Granola and Berries,2,Repeat layers until the glass is full
Greek Yogurt Parfait with Granola and Berries,3,Drizzle with honey or maple syrup (optional)
Greek Yogurt Parfait with Granola and Berries,4,Garnish with fresh mint leaves (optional)
Shakshuka,1,Heat olive oil in a large skillet over medium heat
Shakshuka,2,Sauté chopped onions and peppers until softened
Shakshuka,3,Add chopped tomatoes (fresh or canned) and simmer for 10 minutes
Shakshuka,4,"Season with spices (cumin, paprika, cayenne pepper) to taste"
Shakshuka,5,Make indentations in the tomato sauce with a spoon
Shakshuka,6,Crack eggs into the indentations
Shakshuka,7,"Cover the pan and simmer for 5-7 minutes, or until egg whites are set and yolks are cooked to desired doneness"
Shakshuka,8,Garnish with chopped fresh parsley and crumbled feta cheese (optional)
Shakshuka,9,Serve with pita bread
Chicken Alfredo,1,Cook fettuccine or other pasta according to package instructions
Chicken Alfredo,2,"While the pasta is cooking, melt butter in a large pan over medium heat"
Chicken Alfredo,3,Whisk in flour and cook for 1 minute
Chicken Alfredo,4,Gradually whisk in milk or cream and bring to a simmer
Chicken Alfredo,5,"Simmer for 5 minutes, or until sauce thickens"
Chicken Alfredo,6,"Season with Parmesan cheese, salt, and pepper to taste"
Chicken Alfredo,7,"Add cooked chicken pieces (grilled, shredded, or leftover) to the sauce"
Chicken Alfredo,8,Toss drained pasta with the Alfredo sauce
Chicken Alfredo,9,Serve with additional Parmesan cheese and chopped fresh parsley (optional)
Tacos,1,"Season ground beef or other protein (chicken, lentils) with taco seasoning"
Tacos,2,Brown the protein in a skillet over medium heat
Tacos,3,Warm corn tortillas in a skillet or microwave
Tacos,4,"Fill tortillas with your favorite toppings (protein, lettuce, cheese, salsa, sour cream, guacamole)"
Tacos,5,Fold the tortillas and enjoy! 
Mushroom Risotto,1,Heat butter or olive oil in a large saucepan over medium heat
Mushroom Risotto,2,Sauté chopped shallots or onions until softened
Mushroom Risotto,3,Add chopped mushrooms and cook until browned
Mushroom Risotto,4,"Add arborio rice and toast for a minute, stirring constantly"
Mushroom Risotto,5,Pour in white wine (optional) and let it simmer until evaporated
Mushroom Risotto,6,"Gradually add warm broth, one ladleful at a time, stirring constantly and allowing the rice to absorb the liquid before adding more"
Mushroom Risotto,7,"Continue adding broth until the rice is cooked through and creamy, about 20-25 minutes"
Mushroom Risotto,8,Stir in grated Parmesan cheese and butter (optional)
Mushroom Risotto,9,Season with salt and pepper to taste
Mushroom Risotto,10,"Garnish with fresh herbs (e.g., parsley, thyme) and serve immediately"
Avocado Toast,1,Mash a ripe avocado with a fork
Avocado Toast,2,"Season the mashed avocado with salt, pepper, and lemon juice (optional)"
Avocado Toast,3,Spread the avocado mixture on toasted bread
Avocado Toast,4,"Top with your favorite toppings (e.g., sliced tomatoes, red onion, crumbled feta cheese, a fried egg)"
Avocado Toast,5,Drizzle with olive oil and hot sauce (optional)
Lasagna,1,Preheat oven to 375°F (190°C)
Lasagna,2,Prepare your favorite marinara sauce or use a store-bought option
Lasagna,3,Cook lasagna noodles according to package directions
Lasagna,4,"In a baking dish, spread a thin layer of marinara sauce"
Lasagna,5,Layer cooked lasagna noodles over the sauce
Lasagna,6,Top with ricotta cheese and grated mozzarella cheese
Lasagna,7,"Repeat layers of sauce, noodles, ricotta, and mozzarella until the dish is filled"
Lasagna,8,Top with an additional layer of marinara sauce and mozzarella cheese
Lasagna,9,"Bake for 30-35 minutes, or until the cheese is melted and bubbly"
Lasagna,10,Let cool slightly before serving
Bibimbap,1,Cook short-grain rice according to package directions
Bibimbap,2,"Prepare various toppings (e.g., thinly sliced marinated beef, stir-fried vegetables like spinach, carrots, bean sprouts, sunny-side up egg)"
Bibimbap,3,"Heat a pan and cook the chosen protein (e.g., beef) according to preference"
Bibimbap,4,"In a heated bowl, arrange cooked rice"
Bibimbap,5,Top the rice with your prepared vegetables and protein
Bibimbap,6,Place the sunny-side up egg in the center
Bibimbap,7,"Season with gochujang (Korean chili paste), soy sauce, and sesame oil"
Bibimbap,8,Mix everything together in the bowl before enjoying
Chicken Noodle Soup,1,Bring a large pot of water to a boil
Chicken Noodle Soup,2,Add whole chicken breasts or thighs (bone-in or boneless) and cook until cooked through
Chicken Noodle Soup,3,"Alternatively, use pre-cooked chicken and shred it"
Chicken Noodle Soup,4,Remove chicken from the pot and let it cool slightly
Chicken Noodle Soup,5,"Reduce heat to medium and add chopped vegetables (e.g., carrots, celery, onions) to the broth"
Chicken Noodle Soup,6,Simmer the vegetables until tender-crisp
Chicken Noodle Soup,7,"Add dried egg noodles or other desired pasta (e.g., small pasta shapes)"
Chicken Noodle Soup,8,"Season the soup with salt, pepper, and other desired herbs (e.g., parsley, thyme)"
Chicken Noodle Soup,9,Shred the cooked chicken and add it back to the soup
Chicken Noodle Soup,10,Simmer for a few minutes to heat through
Chicken Noodle Soup,11,Serve hot
Hummus and Veggie Wrap,1,Spread hummus evenly on a whole wheat tortilla
Hummus and Veggie Wrap,2,"Add your favorite chopped vegetables (cucumber, tomato, bell peppers, lettuce, spinach)"
Hummus and Veggie Wrap,3,"Optional additions: sliced avocado, crumbled feta cheese, sprouts"
Hummus and Veggie Wrap,4,Roll up the tortilla tightly
Hummus and Veggie Wrap,5,Cut the wrap in half (optional)
Beef Bourguignon,1,Cut beef into bite-sized pieces
Beef Bourguignon,2,Brown the beef in a large Dutch oven over medium-high heat
Beef Bourguignon,3,Remove beef from the pot and set aside
Beef Bourguignon,4,"Add chopped onions, carrots, and celery to the pot and saute until softened"
Beef Bourguignon,5,Sprinkle flour over the vegetables and cook for 1 minute
Beef Bourguignon,6,Pour in red wine and scrape up any browned bits from the bottom of the pot
Beef Bourguignon,7,"Add beef broth, tomato paste, and herbs (thyme, bay leaf) to the pot"
Beef Bourguignon,8,Return the browned beef to the pot
Beef Bourguignon,9,"Bring to a boil, then reduce heat and simmer for 2-3 hours, or until beef is tender"
Beef Bourguignon,10,Season with salt and pepper to taste
Beef Bourguignon,11,"Serve over mashed potatoes, egg noodles, or rice"
Fish Tacos,1,"Prepare your favorite fish for tacos (grilled, fried, or baked) "
Fish Tacos,2,Warm corn tortillas in a skillet or microwave
Fish Tacos,3,"Prepare your favorite taco toppings (shredded cabbage, salsa, crema, avocado)"
Fish Tacos,4,Place fish on tortillas and top with desired toppings
Fish Tacos,5,Serve with lime wedges 
Black Bean Burgers,1,Mash black beans in a bowl
Black Bean Burgers,2,"Mix in breadcrumbs, an egg, chopped onion, and spices (cumin, chili powder)"
Black Bean Burgers,3,Form the mixture into patties
Black Bean Burgers,4,Heat oil in a skillet over medium heat
Black Bean Burgers,5,"Cook the black bean burgers for 3-4 minutes per side, or until browned and cooked through"
Black Bean Burgers,6,"Serve on hamburger buns with your favorite toppings (lettuce, tomato, cheese, sauce)"
Lentil Soup,1,Rinse lentils in a colander
Lentil Soup,2,Heat olive oil in a large pot or Dutch oven over medium heat
Lentil Soup,3,"Add chopped onions, carrots, and celery to the pot and saute until softened"
Lentil Soup,4,Add garlic and cook for 1 minute
Lentil Soup,5,"Add lentils, vegetable broth, and chopped tomatoes (fresh or canned)"
Lentil Soup,6,"Bring to a boil, then reduce heat and simmer for 30-40 minutes, or until lentils are tender"
Lentil Soup,7,Season with salt and pepper to taste
Lentil Soup,8,"Optional additions: chopped fresh herbs (parsley, thyme), lemon juice"
Lentil Soup,9,Serve hot with crusty bread 
Chicken Caesar Salad,1,"Grill or cook boneless, skinless chicken breasts to your liking"
Chicken Caesar Salad,2,"Alternatively, use rotisserie chicken and shred it"
Chicken Caesar Salad,3,Wash and chop romaine lettuce
Chicken Caesar Salad,4,"Croutons can be made by cubing bread, tossing with olive oil and seasonings, and baking until golden brown (optional)"
Chicken Caesar Salad,5,"For the dressing, whisk together lemon juice, Dijon mustard, Worcestershire sauce, garlic, anchovies (optional), Parmesan cheese, and olive oil"
Chicken Caesar Salad,6,"In a large bowl, combine romaine lettuce, shredded chicken, croutons (if using), and Caesar dressing"
Chicken Caesar Salad,7,Toss to coat and season with salt and pepper to taste
Chicken Caesar Salad,8,Garnish with grated Parmesan cheese and serve immediately
French Toast,1,"Whisk together eggs, milk, vanilla extract (optional), cinnamon, and a pinch of salt in a shallow dish"
French Toast,2,Heat butter in a skillet over medium heat
French Toast,3,"Dip bread slices into the egg mixture, ensuring even coating"
French Toast,4,Fry the bread slices in the skillet until golden brown on both sides
French Toast,5,"Serve immediately with your favorite toppings (e.g., maple syrup, fresh fruit, whipped cream)"
Moussaka,1,Preheat oven to 375°F (190°C)
Moussaka,2,Brown ground lamb or beef in a large skillet
Moussaka,3,"Add chopped onions and garlic, and cook until softened"
Moussaka,4,"Stir in tomato puree, red wine (optional), and seasonings (e.g., oregano, thyme, cinnamon)"
Moussaka,5,Simmer the meat sauce until thickened
Moussaka,6,"In a separate pan, fry thinly sliced eggplant until golden brown"
Moussaka,7,"Prepare a béchamel sauce by melting butter, whisking in flour, and gradually adding milk while stirring constantly until thickened"
Moussaka,8,"In a baking dish, layer the fried eggplant slices"
Moussaka,9,Top with the meat sauce
Moussaka,10,"Pour the béchamel sauce over the top, spreading evenly"
Moussaka,11,"Bake for 30-40 minutes, or until golden brown and bubbly"
Moussaka,12,Let cool slightly before serving
Paella Valenciana,1,Heat olive oil in a large paella pan or skillet over medium heat
Paella Valenciana,2,"Sauté chopped chicken, chorizo, and shrimp (or other seafood) until browned"
Paella Valenciana,3,"Add chopped onions, garlic, and bell peppers, and cook until softened"
Paella Valenciana,4,Stir in bomba rice (or short-grain rice) and toast for a minute
Paella Valenciana,5,"Pour in hot chicken broth or seafood stock, saffron threads, and chopped tomatoes"
Paella Valenciana,6,"Season with salt, pepper, and smoked paprika"
Paella Valenciana,7,"Bring to a boil, then reduce heat to low, cover, and simmer for 18-20 minutes, or until the rice is cooked and the liquid is absorbed"
Paella Valenciana,8,Scatter green peas and sliced lemon over the top (optional)
Paella Valenciana,9,Let stand for 5 minutes before serving
Falafel Pita Pockets,1,Prepare falafel according to your preferred recipe or purchase pre-made falafel balls
Falafel Pita Pockets,2,Warm pita bread in a skillet or oven
Falafel Pita Pockets,3,"In each pita bread, place a few falafel balls"
Falafel Pita Pockets,4,"Add chopped vegetables (e.jména hummus, tahini, chopped tomatoes, onions, cucumbers) and desired sauces (e.g., tahini sauce, hot sauce) according to your preference"
Falafel Pita Pockets,5,Wrap the pita bread to enclose the filling and enjoy
Guacamole,1,"Cut ripe avocados in half, remove the pit, and scoop the flesh into a bowl"
Guacamole,2,Mash the avocado with a fork or potato masher to your desired consistency (chunky or smooth)
Guacamole,3,"Add chopped onion, cilantro, and jalapeño pepper (optional)"
Guacamole,4,Squeeze in fresh lime juice to taste
Guacamole,5,Season with salt and pepper to taste
Guacamole,6,Serve immediately with chips or vegetables for dipping
Spaghetti Carbonara,1,"Whisk together eggs, grated Parmesan cheese, and black pepper in a bowl"
Spaghetti Carbonara,2,Cook spaghetti according to package directions
Spaghetti Carbonara,3,Reserve some pasta water before draining
Spaghetti Carbonara,4,"While pasta cooks, heat olive oil in a skillet and cook chopped pancetta or bacon until crispy"
Spaghetti Carbonara,5,"Remove the pancetta/bacon from the skillet, leaving the rendered fat"
Spaghetti Carbonara,6,Whisk a small amount of the reserved pasta water into the egg mixture
Spaghetti Carbonara,7,Drain the cooked spaghetti and immediately toss it with the hot pancetta/bacon fat
Spaghetti Carbonara,8,"Pour the egg mixture over the hot pasta, tossing constantly to coat and emulsify the sauce (the heat from the pasta will cook the eggs)"
Spaghetti Carbonara,9,Gradually add more reserved pasta water as needed to create a desired sauce consistency
Spaghetti Carbonara,10,Toss in the cooked pancetta/bacon and grated Parmesan cheese
Spaghetti Carbonara,11,Serve immediately with additional Parmesan cheese and black pepper for garnish (optional)
Fruit Salad,1,"Wash and chop your favorite fruits (e.g., strawberries, bananas, apples, grapes, melons)"
Fruit Salad,2,Combine the chopped fruits in a large bowl
Fruit Salad,3,"For a dressing (optional), whisk together lemon juice, honey, and mint (or other desired herbs)"
Fruit Salad,4,Pour the dressing over the fruit salad (optional)
Fruit Salad,5,Toss to coat and serve immediately
Apple Crumble,1,Preheat oven to 375°F (190°C)
Apple Crumble,2,"In a bowl, toss sliced apples with lemon juice, sugar, and cinnamon"
Apple Crumble,3,"For the crumble topping, mix together flour, rolled oats, cold butter (cubed), and brown sugar using your fingertips until crumbly"
Apple Crumble,4,Transfer the apples to a baking dish
Apple Crumble,5,Sprinkle the crumble topping evenly over the apples
Apple Crumble,6,"Bake for 30-35 minutes, or until the apples are tender and the topping is golden brown"
Apple Crumble,7,Serve warm with vanilla ice cream or whipped cream (optional)
Chicken Katsu Curry,1,"Pound boneless, skinless chicken breasts thin and even"
Chicken Katsu Curry,2,"Dredge the chicken in flour, then beaten egg, and finally panko breadcrumbs for a crispy coating"
Chicken Katsu Curry,3,Heat vegetable oil in a large skillet or pot over medium-high heat
Chicken Katsu Curry,4,Fry the breaded chicken until golden brown and cooked through
Chicken Katsu Curry,5,"Alternatively, bake the breaded chicken on a wire rack over a baking sheet at 400°F (200°C) for 20-25 minutes"
Chicken Katsu Curry,6,Prepare your favorite curry sauce or use store-bought options
Chicken Katsu Curry,7,Serve the cooked chicken katsu over cooked rice and top with curry sauce
Chicken Katsu Curry,8,Garnish with shredded cabbage and sesame seeds (optional)
Tom Yum Soup,1,Prepare the stock: Add reserved shrimp shells and heads to water in a pot. Simmer for 20 minutes. Strain and discard shells
Tom Yum Soup,2,"In a large pot, combine lemongrass, lime leaves, galangal, chilies, fish sauce, lime juice, sugar, and chile paste (optional)"
Tom Yum Soup,3,Bring to a boil and simmer for 5 minutes
Tom Yum Soup,4,"Add shrimp and simmer for 5-10 minutes, or until pink and cooked through"
Tom Yum Soup,5,Add mushrooms and simmer for a few minutes
Tom Yum Soup,6,"Serve hot, garnished with green onions (optional)"
Shepherd's Pie,1,Preheat oven to 400°F (200°C)
Shepherd's Pie,2,Cook ground lamb or beef in a large skillet over medium heat until browned
Shepherd's Pie,3,Drain any excess fat
Shepherd's Pie,4,Add chopped onions and carrots to the skillet and cook until softened
Shepherd's Pie,5,"Stir in tomato paste, Worcestershire sauce, and seasonings (thyme, rosemary)"
Shepherd's Pie,6,Pour in beef broth or red wine (optional) and bring to a simmer
Shepherd's Pie,7,"Simmer for 15-20 minutes, or until thickened"
Shepherd's Pie,8,Transfer the meat mixture to a baking dish
Shepherd's Pie,9,Mash cooked potatoes with butter and milk until smooth
Shepherd's Pie,10,"Spread the mashed potatoes over the meat mixture, creating a peak in the center"
Shepherd's Pie,11,"Bake for 20-25 minutes, or until golden brown"
Pancakes,1,"Whisk together flour, sugar, baking powder, and salt in a bowl"
Pancakes,2,"In a separate bowl, whisk together milk, egg, and melted butter"
Pancakes,3,Combine the wet and dry ingredients until just combined (lumpy batter is okay)
Pancakes,4,Heat a lightly oiled griddle or skillet over medium heat
Pancakes,5,Pour 1/4 cup batter for each pancake
Pancakes,6,"Cook for 2-3 minutes per side, or until golden brown and cooked through"
Pancakes,7,"Serve with butter, maple syrup, or your favorite toppings"
Kimchi Jjigae (Kimchi Stew),1,Cut kimchi into bite-sized pieces
Kimchi Jjigae (Kimchi Stew),2,Heat oil in a pot over medium heat
Kimchi Jjigae (Kimchi Stew),3,"Saute chopped onions, garlic, and ginger until fragrant"
Kimchi Jjigae (Kimchi Stew),4,"Add the kimchi, tofu (cubed and pan-fried), and pork belly (sliced)"
Kimchi Jjigae (Kimchi Stew),5,"Pour in fish sauce, soy sauce, and Korean chili flakes (gochugaru)"
Kimchi Jjigae (Kimchi Stew),6,Add water or vegetable broth to cover the ingredients
Kimchi Jjigae (Kimchi Stew),7,"Bring to a boil, then reduce heat and simmer for 15-20 minutes, or until softened"
Kimchi Jjigae (Kimchi Stew),8,Season with sugar and sesame oil to taste
Kimchi Jjigae (Kimchi Stew),9,Serve hot with rice and a side of kimchi
Green Curry with Chicken,1,"Marinate chicken pieces in green curry paste, coconut milk, and fish sauce for at least 30 minutes"
Green Curry with Chicken,2,Heat oil in a wok or large pan over medium heat
Green Curry with Chicken,3,"Saute chopped onions, bell peppers, and kaffir lime leaves (optional)"
Green Curry with Chicken,4,Pour in the remaining coconut milk from the marinade
Green Curry with Chicken,5,Bring to a simmer and add the marinated chicken
Green Curry with Chicken,6,"Simmer for 15-20 minutes, or until chicken is cooked through"
Green Curry with Chicken,7,"Add bamboo shoots, green beans, and Thai basil leaves (optional)"
Green Curry with Chicken,8,Simmer for a few minutes until vegetables are tender-crisp
Green Curry with Chicken,9,"Season with fish sauce, lime juice, and palm sugar (or brown sugar) to taste"
Green Curry with Chicken,10,Serve with rice
Chicken Shawarma,1,"Marinate chicken pieces in yogurt, lemon juice, spices (cumin, coriander, paprika) for at least 30 minutes"
Chicken Shawarma,2,Thread marinated chicken onto skewers
Chicken Shawarma,3,"Cook chicken shawarma on a grill, grill pan, or in a preheated oven at 400°F (200°C) for 20-25 minutes, or until cooked through"
Chicken Shawarma,4,Slice chicken shawarma thinly
Chicken Shawarma,5,"Serve in pita bread with your favorite toppings (tahini sauce, chopped vegetables, pickled onions)"
Hummus Wrap,1,Spread hummus evenly on a whole wheat tortilla
Hummus Wrap,2,"Add sliced chicken breast, falafel, or roasted vegetables"
Hummus Wrap,3,"Optional additions: crumbled feta cheese, chopped olives, fresh herbs"
Hummus Wrap,4,Roll up the tortilla tightly
Hummus Wrap,5,Cut the wrap in half (optional)
Potato Leek Soup,1,Heat olive oil in a large pot or Dutch oven over medium heat
Potato Leek Soup,2,"Add chopped onions and leeks, and cook until softened"
Potato Leek Soup,3,"Add chopped potatoes and garlic, and cook for a few minutes"
Potato Leek Soup,4,Pour in vegetable broth and bring to a boil
Potato Leek Soup,5,"Reduce heat and simmer for 15-20 minutes, or until potatoes are tender"
Potato Leek Soup,6,Puree the soup with an immersion blender or in batches in a regular blender
Potato Leek Soup,7,Season with salt and pepper to taste
Potato Leek Soup,8,"Optional additions: cream or milk for a richer texture, chopped fresh herbs (thyme, parsley)"
Potato Leek Soup,9,Serve hot with crusty bread
Butter Chicken,1,"Marinate chicken pieces in yogurt, lemon juice, ginger, garlic, and spices (garam masala, turmeric, coriander) for at least 30 minutes"
Butter Chicken,2,Heat butter in a pan over medium heat
Butter Chicken,3,Add chopped onions and cook until softened
Butter Chicken,4,"Add spices (cumin, coriander) and cook for 1 minute"
Butter Chicken,5,Add chopped tomatoes (fresh or canned) and cook for 5 minutes
Butter Chicken,6,Pour in coconut milk and chicken broth
Butter Chicken,7,Bring to a simmer and add the marinated chicken
Butter Chicken,8,"Simmer for 15-20 minutes, or until chicken is cooked through"
Butter Chicken,9,Season with salt and pepper to taste
Butter Chicken,10,Serve over rice and garnish with fresh cilantro (optional)
Caprese Pasta Salad,1,Cook pasta according to package instructions
Caprese Pasta Salad,2,"While the pasta is cooking, chop cherry tomatoes, fresh mozzarella cheese, and fresh basil"
Caprese Pasta Salad,3,Drain the pasta and toss with olive oil and balsamic vinegar
Caprese Pasta Salad,4,"Add the chopped tomatoes, mozzarella, and basil to the pasta"
Caprese Pasta Salad,5,Season with salt and pepper to taste
Caprese Pasta Salad,6,Serve at room temperature or chilled
Ratatouille Tian,1,Preheat oven to 400°F (200°C)
Ratatouille Tian,2,"Slice zucchini, eggplant, tomatoes, and bell peppers thinly and evenly"
Ratatouille Tian,3,Arrange the sliced vegetables in a round or square baking dish in a decorative pattern (overlapping slightly)
Ratatouille Tian,4,"Drizzle with olive oil, season with salt, pepper, and Provençal herbs (e.g., thyme, rosemary)"
Ratatouille Tian,5,Pour in a splash of vegetable broth or white wine (optional)
Ratatouille Tian,6,Cover the dish with foil and bake for 30 minutes
Ratatouille Tian,7,"Uncover the dish and bake for an additional 20-25 minutes, or until the vegetables are tender and slightly browned"
Ratatouille Tian,8,Serve hot or at room temperature
Chicken and Dumplings,1,"Cook diced chicken breasts or thighs in a pot with chicken broth, chopped onions, carrots, and celery until cooked through"
Chicken and Dumplings,2,Remove chicken from the pot and shred it
Chicken and Dumplings,3,Prepare dumplings according to your preferred recipe using biscuit dough or a flour-based dough
Chicken and Dumplings,4,Increase heat to medium-high and bring the broth to a boil
Chicken and Dumplings,5,Drop dumplings by spoonfuls into the boiling broth
Chicken and Dumplings,6,"Reduce heat to low, cover the pot, and simmer for 10-15 minutes, or until the dumplings are cooked through"
Chicken and Dumplings,7,Return the shredded chicken to the pot and stir to combine
Chicken and Dumplings,8,Season with salt and pepper to taste
Chicken and Dumplings,9,Serve hot
Baklava,1,Preheat oven to 350°F (175°C)
Baklava,2,Prepare phyllo dough by thawing according to package directions
Baklava,3,"Make a chopped nut filling using walnuts, pistachios, or a combination"
Baklava,4,"For the syrup, combine water, sugar, and lemon juice in a saucepan and simmer until sugar dissolves"
Baklava,5,Brush a baking dish with melted butter
Baklava,6,"Layer sheets of phyllo dough in the baking dish, brushing each sheet with butter"
Baklava,7,Sprinkle some of the nut filling over the phyllo dough layers
Baklava,8,"Repeat layering phyllo dough and nut filling, ending with a buttered phyllo dough layer on top"
Baklava,9,"Cut the baklava into desired shapes (e.g., diamonds, squares)"
Baklava,10,"Bake for 45-60 minutes, or until golden brown and crispy"
Baklava,11,"While still hot, pour the prepared syrup over the baklava"
Baklava,12,Let cool completely before serving
Club Sandwich,1,"Toast three slices of bread (white, wheat, or preferred type)"
Club Sandwich,2,Spread mayonnaise on one slice of bread
Club Sandwich,3,Layer sliced cooked chicken breast or turkey breast on the mayonnaise-coated bread
Club Sandwich,4,"Top with lettuce, tomato, and bacon or ham (optional)"
Club Sandwich,5,Spread mayonnaise on another slice of bread and place it on top of the ingredients
Club Sandwich,6,"Repeat layering with sliced cheese, lettuce, tomato, and another slice of cooked meat (optional)"
Club Sandwich,7,Spread mayonnaise on the final slice of bread and place it on top to complete the sandwich
Club Sandwich,8,Secure the sandwich with toothpicks (optional)
Club Sandwich,9,Cut the sandwich in half diagonally and serve
Beef Vindaloo,1,Heat vegetable oil in a large skillet or Dutch oven over medium-high heat
Beef Vindaloo,2,"Sauté chopped onions, garlic, and ginger until softened"
Beef Vindaloo,3,"Add diced beef (e.g., chuck roast) and cook until browned on all sides"
Beef Vindaloo,4,"Stir in curry powder, turmeric, chili powder, and other desired spices"
Beef Vindaloo,5,Pour in coconut milk or tomato puree and bring to a simmer
Beef Vindaloo,6,"Season with salt, sugar, and fish sauce (optional) to taste"
Beef Vindaloo,7,"Simmer for 30-45 minutes, or until the beef is tender and the sauce has thickened"
Beef Vindaloo,8,Garnish with chopped fresh cilantro (optional)
Beef Vindaloo,9,Serve over cooked rice
Tuna Noodle Casserole,1,Cook elbow macaroni according to package instructions
Tuna Noodle Casserole,2,Drain the pasta and set aside
Tuna Noodle Casserole,3,"In a saucepan, melt butter and whisk in flour. Cook for 1 minute"
Tuna Noodle Casserole,4,Gradually whisk in milk and bring to a simmer. Cook until thickened
Tuna Noodle Casserole,5,"Season the sauce with salt, pepper, and dried herbs (thyme, paprika)"
Tuna Noodle Casserole,6,"In a bowl, combine drained canned tuna, peas, and cooked pasta"
Tuna Noodle Casserole,7,Pour the sauce over the pasta mixture and stir to combine
Tuna Noodle Casserole,8,Transfer the mixture to a baking dish
Tuna Noodle Casserole,9,Top with grated cheddar cheese or breadcrumbs (optional)
Tuna Noodle Casserole,10,"Bake in a preheated oven at 375°F (190°C) for 20-25 minutes, or until bubbly and golden brown"
Chicken Marsala,1,Season chicken breasts with salt and pepper
Chicken Marsala,2,Dredge chicken in flour
Chicken Marsala,3,Heat olive oil in a large skillet over medium-high heat
Chicken Marsala,4,Sear the chicken breasts until golden brown on both sides
Chicken Marsala,5,Remove chicken from the pan and set aside
Chicken Marsala,6,Add mushrooms to the pan and saute until softened
Chicken Marsala,7,Pour in Marsala wine and scrape up any browned bits from the bottom of the pan
Chicken Marsala,8,Let the Marsala wine reduce by half
Chicken Marsala,9,Add chicken broth and bring to a simmer
Chicken Marsala,10,"Return the chicken breasts to the pan and simmer for 10-15 minutes, or until cooked through"
Chicken Marsala,11,Stir in butter and heavy cream to create a smooth sauce
Chicken Marsala,12,Season with salt and pepper to taste
Chicken Marsala,13,"Serve chicken Marsala with the sauce spooned over it, and mashed potatoes or pasta on the side"
Spring Rolls,1,Prepare wonton wrappers according to package instructions (thaw if frozen)
Spring Rolls,2,"Prepare your desired fillings (shredded vegetables, cooked chicken/pork, rice noodles)"
Spring Rolls,3,Place a spoonful of filling in the center of a wonton wrapper
Spring Rolls,4,"Fold the wrapper over the filling, forming a triangle shape"
Spring Rolls,5,Moisten the edges of the wrapper with water to seal
Spring Rolls,6,Repeat with remaining wrappers and filling
Spring Rolls,7,Heat vegetable oil in a wok or deep fryer to 350°F (175°C)
Spring Rolls,8,Carefully fry the spring rolls in batches until golden brown and crispy
Spring Rolls,9,"Drain on paper towels and serve with dipping sauce (sweet and sour sauce, chili sauce)"
Egg Salad Sandwich,1,Hard-boil eggs and let them cool completely
Egg Salad Sandwich,2,Peel the eggs and chop them into small pieces
Egg Salad Sandwich,3,"In a bowl, mash the eggs with mayonnaise, mustard, and chopped onions (optional)"
Egg Salad Sandwich,4,Season with salt and pepper to taste
Egg Salad Sandwich,5,Spread the egg salad mixture on slices of bread
Egg Salad Sandwich,6,"Top with lettuce, tomato, and other desired toppings (cucumber, sprouts)"
Egg Salad Sandwich,7,Enjoy as an open faced sandwich or cut the bread slices in half for a closed sandwich
Tom Kha Gai (Thai Chicken Coconut Soup),1,Heat coconut milk in a pot over medium heat
Tom Kha Gai (Thai Chicken Coconut Soup),2,"Add lemongrass, galangal, kaffir lime leaves, and chilies (bruised or sliced)"
Tom Kha Gai (Thai Chicken Coconut Soup),3,Simmer for 10 minutes to infuse the flavors
Tom Kha Gai (Thai Chicken Coconut Soup),4,"Remove the aromatics (lemongrass, galangal, kaffir lime leaves)"
Tom Kha Gai (Thai Chicken Coconut Soup),5,"Add chicken pieces and simmer for 10-15 minutes, or until cooked through"
Tom Kha Gai (Thai Chicken Coconut Soup),6,"Season with fish sauce, lime juice, and palm sugar (or brown sugar)"
Tom Kha Gai (Thai Chicken Coconut Soup),7,Reduce heat to low and stir in beaten eggs. The eggs should poach in the hot soup
Tom Kha Gai (Thai Chicken Coconut Soup),8,"Garnish with chopped fresh cilantro, lime wedges, and sliced red chilies (optional)"
Tom Kha Gai (Thai Chicken Coconut Soup),9,Serve hot with rice or noodles 
Grilled Cheese Sandwich,1,Butter one side of each bread slice
Grilled Cheese Sandwich,2,Heat a non-stick skillet or griddle over medium heat
Grilled Cheese Sandwich,3,"Place one slice of bread, butter-side down, in the skillet"
Grilled Cheese Sandwich,4,"Top with your favorite cheese (e.g., cheddar, Gruyère, mozzarella)"
Grilled Cheese Sandwich,5,"Place the other slice of bread, butter-side up, on top of the cheese"
Grilled Cheese Sandwich,6,"Cook for 2-3 minutes per side, or until golden brown and cheese is melted"
Grilled Cheese Sandwich,7,Serve immediately
Beef Enchiladas,1,Preheat oven to 375°F (190°C)
Beef Enchiladas,2,Cook ground beef in a skillet with chopped onions and garlic until browned
Beef Enchiladas,3,Drain any excess grease
Beef Enchiladas,4,"Stir in your favorite enchilada sauce or diced tomatoes, chili powder, and cumin"
Beef Enchiladas,5,Simmer for 10 minutes
Beef Enchiladas,6,"Warm corn tortillas according to package directions (microwave, stovetop, etc.)"
Beef Enchiladas,7,Spread a thin layer of enchilada sauce on the bottom of a baking dish
Beef Enchiladas,8,Place a spoonful of the beef mixture in the center of each tortilla
Beef Enchiladas,9,Roll up the tortillas and place them seam-side down in the baking dish
Beef Enchiladas,10,Pour remaining enchilada sauce over the enchiladas
Beef Enchiladas,11,"Top with shredded cheese (e.g., cheddar, Monterey Jack)"
Beef Enchiladas,12,"Bake for 20-25 minutes, or until heated through and cheese is melted"
Beef Enchiladas,13,Garnish with chopped cilantro or sour cream (optional)
Pan-Seared Salmon with Lemon Butter Sauce,1,Pat salmon fillets dry with paper towels
Pan-Seared Salmon with Lemon Butter Sauce,2,Season salmon with salt and pepper
Pan-Seared Salmon with Lemon Butter Sauce,3,Heat olive oil in a large skillet over medium-high heat
Pan-Seared Salmon with Lemon Butter Sauce,4,"Sear the salmon skin-side down for 3-4 minutes, or until crispy"
Pan-Seared Salmon with Lemon Butter Sauce,5,"Carefully flip the salmon and cook for an additional 2-3 minutes, or until cooked through (depending on thickness)"
Pan-Seared Salmon with Lemon Butter Sauce,6,"While the salmon cooks, melt butter in a small saucepan over medium heat"
Pan-Seared Salmon with Lemon Butter Sauce,7,"Stir in lemon juice, chopped fresh parsley (optional), and a pinch of salt"
Pan-Seared Salmon with Lemon Butter Sauce,8,Plate the cooked salmon and spoon the lemon butter sauce over the top
Pad See Ew,1,Prepare wide rice noodles according to package directions
Pad See Ew,2,Heat vegetable oil in a wok or large skillet over high heat
Pad See Ew,3,"Scramble eggs in the hot oil until just set, then remove from the wok and set aside"
Pad See Ew,4,Stir-fry sliced chicken or tofu in the wok for a few minutes
Pad See Ew,5,"Add chopped garlic, chili peppers (optional), and chopped vegetables (e.g., broccoli, carrots, bean sprouts)"
Pad See Ew,6,"Stir-fry for 2-3 minutes, or until vegetables are tender-crisp"
Pad See Ew,7,Push the ingredients to the side of the wok
Pad See Ew,8,Pour a beaten egg into the cleared space and scramble until cooked through
Pad See Ew,9,"Add the cooked rice noodles, soy sauce, oyster sauce (optional), and a pinch of sugar"
Pad See Ew,10,Toss everything together until well combined and heated through
Pad See Ew,11,Stir in the cooked scrambled eggs and serve immediately
Chicken Stir-fry with Broccoli,1,"Cut boneless, skinless chicken breasts or thighs into thin strips"
Chicken Stir-fry with Broccoli,2,"Marinate the chicken in soy sauce, cornstarch (for thickening), and a pinch of ginger (optional) for 10 minutes"
Chicken Stir-fry with Broccoli,3,Heat vegetable oil in a wok or large skillet over high heat
Chicken Stir-fry with Broccoli,4,Stir-fry the chicken until cooked through and golden brown
Chicken Stir-fry with Broccoli,5,Add florets of broccoli cut into bite-sized pieces
Chicken Stir-fry with Broccoli,6,"Stir-fry for 2-3 minutes, or until broccoli is tender-crisp"
Chicken Stir-fry with Broccoli,7,"In a small bowl, whisk together soy sauce, rice vinegar, cornstarch, and a pinch of sugar to create a sauce"
Chicken Stir-fry with Broccoli,8,Pour the sauce into the wok and stir-fry until thickened
Chicken Stir-fry with Broccoli,9,Serve immediately over cooked rice
Chicken Pot Pie with Puff Pastry,1,Preheat oven to 400°F (200°C)
Chicken Pot Pie with Puff Pastry,2,Cook chicken breasts or thighs until cooked through. Shred or cube the chicken
Chicken Pot Pie with Puff Pastry,3,"Saute chopped onions, carrots, and celery in butter or oil until softened"
Chicken Pot Pie with Puff Pastry,4,Add chopped vegetables to a large pot or Dutch oven
Chicken Pot Pie with Puff Pastry,5,Stir in flour and cook for 1 minute
Chicken Pot Pie with Puff Pastry,6,Gradually whisk in chicken broth and bring to a simmer
Chicken Pot Pie with Puff Pastry,7,"Add frozen peas, corn, or other desired vegetables"
Chicken Pot Pie with Puff Pastry,8,"Season the gravy with salt, pepper, and dried herbs (thyme, rosemary)"
Chicken Pot Pie with Puff Pastry,9,Stir in cooked chicken and heat through
Chicken Pot Pie with Puff Pastry,10,Transfer the chicken pot pie mixture to a baking dish
Chicken Pot Pie with Puff Pastry,11,Thaw puff pastry according to package instructions
Chicken Pot Pie with Puff Pastry,12,Roll out the puff pastry sheet and cut it to fit the top of the baking dish
Chicken Pot Pie with Puff Pastry,13,"Place the puff pastry dough on top of the pot pie mixture, crimping the edges to seal"
Chicken Pot Pie with Puff Pastry,14,Brush the puff pastry with milk or egg wash (optional)
Chicken Pot Pie with Puff Pastry,15,"Bake for 20-25 minutes, or until the puff pastry is golden brown and the filling is bubbly"
Chocolate Chip Cookies,1,Cream together butter and sugars (brown and white) in a bowl until light and fluffy
Chocolate Chip Cookies,2,"Beat in eggs one at a time, then stir in vanilla extract"
Chocolate Chip Cookies,3,"In a separate bowl, whisk together flour, baking soda, and salt"
Chocolate Chip Cookies,4,"Gradually add the dry ingredients to the wet ingredients, mixing until just combined"
Chocolate Chip Cookies,5,Stir in chocolate chips
Chocolate Chip Cookies,6,Drop rounded tablespoons of dough onto baking sheets lined with parchment paper
Chocolate Chip Cookies,7,"Bake in a preheated oven at 375°F (190°C) for 10-12 minutes, or until golden brown around the edges"
Chocolate Chip Cookies,8,Let cookies cool on the baking sheet for a few minutes before transferring to a wire rack to cool completely
Greek Salad,1,"Chop tomatoes, cucumbers, red onion, and feta cheese into bite-sized pieces"
Greek Salad,2,Place the chopped vegetables and cheese in a bowl
Greek Salad,3,Add Kalamata olives (optional)
Greek Salad,4,"For the dressing: whisk together olive oil, lemon juice, oregano, and seasonings (salt, pepper)"
Greek Salad,5,Dress the salad with the desired amount of dressing
Greek Salad,6,Toss to combine and serve 
Aloo Gobi (Potato and Cauliflower Curry),1,Heat oil in a pan or pot over medium heat
Aloo Gobi (Potato and Cauliflower Curry),2,Add mustard seeds and cumin seeds. Let them splutter for a few seconds
Aloo Gobi (Potato and Cauliflower Curry),3,Add chopped onions and cook until softened
Aloo Gobi (Potato and Cauliflower Curry),4,"Add ginger and garlic paste, and cook for a minute"
Aloo Gobi (Potato and Cauliflower Curry),5,Add chopped tomatoes (fresh or canned) and cook for 5 minutes
Aloo Gobi (Potato and Cauliflower Curry),6,"Stir in turmeric powder, coriander powder, cumin powder, and chili powder"
Aloo Gobi (Potato and Cauliflower Curry),7,Add chopped potatoes and cauliflower florets
Aloo Gobi (Potato and Cauliflower Curry),8,Pour in water or vegetable broth to cover the vegetables
Aloo Gobi (Potato and Cauliflower Curry),9,"Bring to a boil, then reduce heat and simmer for 15-20 minutes, or until potatoes and cauliflower are tender"
Aloo Gobi (Potato and Cauliflower Curry),10,Season with salt and garam masala (optional)
Aloo Gobi (Potato and Cauliflower Curry),11,Garnish with chopped fresh cilantro (optional)
Aloo Gobi (Potato and Cauliflower Curry),12,Serve hot with rice or naan bread
Bun Bo Hue,1,Bring a large pot of water to a boil
Bun Bo Hue,2,"Broth:  Add charred or roasted shallots, lemongrass stalks (bruised), whole cloves, star anise (optional), and a knob of ginger (bruised) to the boiling water"
Bun Bo Hue,3,"Simmer the broth ingredients for 30 minutes, allowing the flavors to infuse the water"
Bun Bo Hue,4,Strain the broth to remove the aromatics
Bun Bo Hue,5,"Meat: In a separate pan, saute sliced beef shank and brisket until browned"
Bun Bo Hue,6,Add the browned beef to the broth along with sliced pork hocks (optional)
Bun Bo Hue,7,Simmer for another 30 minutes
Bun Bo Hue,8,Noodles: Boil rice noodles according to package instructions
Bun Bo Hue,9,"Accompaniments: Prepare thinly sliced onions, bean sprouts, fresh herbs (basil, mint), lime wedges, sliced chilies (optional)"
Bun Bo Hue,10,Assemble: Place cooked rice noodles in a bowl
Bun Bo Hue,11,"Top with sliced cooked beef, pork (if using), and other desired protein (shrimp, sliced sausage)"
Bun Bo Hue,12,Ladle the hot broth over the noodles and meat
Bun Bo Hue,13,Add desired accompaniments and enjoy!
Ful Medames,1,Soak fava beans overnight in plenty of water
Ful Medames,2,Drain and rinse the soaked fava beans
Ful Medames,3,"Cook the fava beans in a pot with fresh water, chopped onion, garlic clove (optional), and a bay leaf until tender"
Ful Medames,4,Mash the cooked fava beans with a potato masher or fork to your desired consistency (chunky or smooth)
Ful Medames,5,"Season the mashed fava beans with olive oil, lemon juice, tahini paste, cumin, and salt to taste"
Ful Medames,6,"For a richer flavor, mash in a boiled egg (optional)"
Ful Medames,7,"Serve hot with chopped parsley, chopped tomatoes, chopped red onion, olive oil, and pita bread"
Mofongo (Brazilian Mashed Plantains),1,Peel green plantains (unripe)
Mofongo (Brazilian Mashed Plantains),2,Boil the plantains in salted water until tender
Mofongo (Brazilian Mashed Plantains),3,"Alternatively, deep fry the plantains until golden brown and tender"
Mofongo (Brazilian Mashed Plantains),4,Mash the cooked plantains with a mortar and pestle (traditional method) or a potato masher
Mofongo (Brazilian Mashed Plantains),5,"While mashing, gradually add butter, garlic cloves (optional), and salt to taste"
Mofongo (Brazilian Mashed Plantains),6,"For a richer flavor, add some fried pork rinds (chicharrones) while mashing"
Mofongo (Brazilian Mashed Plantains),7,Form the mashed plantains into balls or bowls
Mofongo (Brazilian Mashed Plantains),8,"Serve hot with your desired accompaniments (e.g., fried meat, garlic shrimp, stews)"
Bangers and Mash,1,Boil or bake sausages (bangers) until cooked through
Bangers and Mash,2,"While the sausages cook, peel and chop potatoes"
Bangers and Mash,3,Boil the chopped potatoes in salted water until tender
Bangers and Mash,4,Drain the potatoes and mash them with butter and milk (or cream) until smooth
Bangers and Mash,5,Season the mashed potatoes with salt and pepper to taste
Bangers and Mash,6,Serve the cooked sausages on a bed of mashed potatoes with gravy (optional)
Etouffee (Cajun Stew),1,Heat vegetable oil in a large pot or Dutch oven over medium heat
Etouffee (Cajun Stew),2,"Add chopped onions, bell peppers, and celery, and cook until softened"
Etouffee (Cajun Stew),3,Stir in chopped garlic and cook for an additional minute
Etouffee (Cajun Stew),4,"Sprinkle with paprika, cayenne pepper, thyme, and black pepper"
Etouffee (Cajun Stew),5,"Cook for a minute, stirring constantly, to release the flavors of the spices"
Etouffee (Cajun Stew),6,Dredge cubed chicken or shrimp (or a combination) in flour
Etouffee (Cajun Stew),7,Add the dredged chicken/shrimp to the pot and cook until browned on all sides
Etouffee (Cajun Stew),8,Pour in chicken broth or seafood stock and bring to a simmer
Etouffee (Cajun Stew),9,"Reduce heat and simmer for 10-15 minutes, or until the chicken/shrimp is cooked through"
Etouffee (Cajun Stew),10,"In a small bowl, whisk together cornstarch and water to create a slurry"
Etouffee (Cajun Stew),11,Gradually whisk the slurry into the pot to thicken the sauce (add more or less depending on desired consistency)
Etouffee (Cajun Stew),12,Season the sauce with salt and filé powder (optional) to taste
Etouffee (Cajun Stew),13,Serve hot over cooked rice
Pho Ga (Vietnamese Chicken Noodle Soup),1,Bring a large pot of water to a boil
Pho Ga (Vietnamese Chicken Noodle Soup),2,"Add whole bone-in chicken pieces, chopped onion, ginger (optional), and star anise to the boiling water"
Pho Ga (Vietnamese Chicken Noodle Soup),3,"Reduce heat, skim any foam that rises, and simmer for 1-2 hours, or until the chicken is cooked through and broth is flavorful"
Pho Ga (Vietnamese Chicken Noodle Soup),4,Remove the chicken from the pot and let it cool slightly
Pho Ga (Vietnamese Chicken Noodle Soup),5,Strain the broth and discard the solids
Pho Ga (Vietnamese Chicken Noodle Soup),6,Shred the cooked chicken meat
Pho Ga (Vietnamese Chicken Noodle Soup),7,Bring the broth back to a simmer
Pho Ga (Vietnamese Chicken Noodle Soup),8,Cook rice noodles according to package directions
Pho Ga (Vietnamese Chicken Noodle Soup),9,"In a serving bowl, place cooked rice noodles, shredded chicken, and bean sprouts"
Pho Ga (Vietnamese Chicken Noodle Soup),10,Pour the hot broth over the ingredients in the bowl
Pho Ga (Vietnamese Chicken Noodle Soup),11,"Garnish with chopped green onions, chopped cilantro, and lime wedges"
Pho Ga (Vietnamese Chicken Noodle Soup),12,Serve with side plates of sliced chilies and hoisin sauce (optional) for individual customization
Pierogi (Polish Dumplings),1,"For the dough: Combine flour, salt, and water in a bowl. Knead until smooth and elastic. Let rest for 30 minutes"
Pierogi (Polish Dumplings),2,"For the filling (potato and cheese): Cook and mash potatoes. Mix with grated cheese, sauteed onions, and seasonings (salt, pepper) "
Pierogi (Polish Dumplings),3,"Optional fillings: sauerkraut, ground meat and vegetables, sweet fillings (fruits, cheese)"
Pierogi (Polish Dumplings),4,Roll out the dough thinly on a floured surface
Pierogi (Polish Dumplings),5,Use a cookie cutter to cut out circles of dough
Pierogi (Polish Dumplings),6,Place a spoonful of filling in the center of each dough circle
Pierogi (Polish Dumplings),7,Fold the dough over the filling and crimp the edges with a fork to seal
Pierogi (Polish Dumplings),8,Bring a large pot of salted water to a boil
Pierogi (Polish Dumplings),9,"Cook the pierogi for 3-5 minutes, or until they float to the surface"
Pierogi (Polish Dumplings),10,"Serve with melted butter, fried onions, or sour cream"
Empanadas (Argentinian Pastries),1,"For the dough: Combine flour, salt, and butter. Cut in the butter with a pastry cutter or your fingers until crumbly"
Empanadas (Argentinian Pastries),2,"Stir in cold water, a little at a time, until a dough forms. Knead briefly until smooth"
Empanadas (Argentinian Pastries),3,Wrap the dough in plastic wrap and refrigerate for at least 30 minutes
Empanadas (Argentinian Pastries),4,"For the filling (beef): Saute ground beef with onions, peppers, and spices (cumin, paprika)"
Empanadas (Argentinian Pastries),5,"Optional fillings: shredded chicken, vegetables, cheese"
Empanadas (Argentinian Pastries),6,Preheat oven to 400°F (200°C)
Empanadas (Argentinian Pastries),7,Roll out the dough thinly on a floured surface
Empanadas (Argentinian Pastries),8,Use a cookie cutter to cut out circles of dough
Empanadas (Argentinian Pastries),9,Place a spoonful of filling in the center of each dough circle
Empanadas (Argentinian Pastries),10,Fold the dough over the filling and crimp the edges with a fork to seal
Empanadas (Argentinian Pastries),11,Brush the empanadas with egg wash (optional)
Empanadas (Argentinian Pastries),12,"Bake for 20-25 minutes, or until golden brown"
Gulasch (Hungarian Stew),1,Heat oil in a large Dutch oven over medium heat
Gulasch (Hungarian Stew),2,Brown beef chunks (stewing beef or short ribs)
Gulasch (Hungarian Stew),3,Add chopped onions and cook until softened
Gulasch (Hungarian Stew),4,"Stir in paprika, caraway seeds, and other spices (bay leaf, thyme)"
Gulasch (Hungarian Stew),5,Pour in beef broth or red wine (optional)
Gulasch (Hungarian Stew),6,"Bring to a boil, then reduce heat and simmer for 1-2 hours, or until beef is tender"
Gulasch (Hungarian Stew),7,"Add chopped potatoes, carrots, and green peppers (optional)"
Gulasch (Hungarian Stew),8,"Simmer for another 30 minutes, or until vegetables are tender"
Gulasch (Hungarian Stew),9,Season with salt and pepper to taste
Gulasch (Hungarian Stew),10,"Serve over mashed potatoes, rice, or egg noodles"
Colcannon (Irish Mashed Potatoes),1,Boil and mash potatoes until smooth
Colcannon (Irish Mashed Potatoes),2,Saute chopped kale or cabbage with butter and onions until softened
Colcannon (Irish Mashed Potatoes),3,Mix the sauteed kale/cabbage into the mashed potatoes
Colcannon (Irish Mashed Potatoes),4,"Season with salt, pepper, and butter"
Colcannon (Irish Mashed Potatoes),5,"Optional additions: chopped chives, grated cheese"
Bibimbap (Korean Mixed Rice Bowl),1,Cook rice according to package instructions
Bibimbap (Korean Mixed Rice Bowl),2,"Saute thinly sliced beef in a pan with soy sauce, sesame oil, and garlic"
Bibimbap (Korean Mixed Rice Bowl),3,"Prepare other toppings: julienned vegetables (carrots, spinach, cucumber), fried egg, marinated mushrooms (optional)"
Bibimbap (Korean Mixed Rice Bowl),4,"Top the rice with the sauteed beef and other prepared toppings, placing them in sections around the bowl"
Bibimbap (Korean Mixed Rice Bowl),5,Optional: Add a dollop of gochujang (Korean chili paste) for a spicy kick
Bibimbap (Korean Mixed Rice Bowl),6,Serve with a sesame oil drizzle
Jerk Chicken (American Dish),1,"Prepare the marinade: In a blender or food processor, combine Scotch bonnet pepper (deseeded for less heat), allspice berries, thyme, ginger, brown sugar, soy sauce, lime juice, and olive oil. Blend until smooth"
Jerk Chicken (American Dish),2,"Marinate the chicken: Place bone-in, skin-on chicken pieces (e.g., thighs, drumsticks) in a large bowl. Pour the jerk marinade over the chicken, coating it evenly. Cover and refrigerate for at least 2 hours, or preferably overnight for deeper flavor"
Jerk Chicken (American Dish),3,Cook the chicken: Preheat oven to 400°F (200°C)
Jerk Chicken (American Dish),4,Place the marinated chicken pieces on a baking sheet lined with parchment paper
Jerk Chicken (American Dish),5,"Bake for 30-40 minutes, or until the chicken is cooked through and the juices run clear"
Jerk Chicken (American Dish),6,"Optionally, for a smoky flavor, grill the chicken over medium heat for the last few minutes of cooking"
Jerk Chicken (American Dish),7,"Serve: Serve the jerk chicken with your favorite dipping sauces (e.g., BBQ sauce, hot sauce) and sides (e.g., rice and peas, coleslaw)"
Borsch (Beet Soup),1,Bring a large pot of water to a boil
Borsch (Beet Soup),2,"Add shredded or chopped beets, chopped onion, carrots, and potatoes to the boiling water"
Borsch (Beet Soup),3,"Reduce heat and simmer for 15-20 minutes, or until the vegetables are tender"
Borsch (Beet Soup),4,"While the vegetables simmer, shred or chop cabbage (optional)"
Borsch (Beet Soup),5,"After 15-20 minutes, add the cabbage (if using) and chopped tomatoes (fresh or canned) to the pot"
Borsch (Beet Soup),6,Simmer for an additional 5 minutes
Borsch (Beet Soup),7,"Season the soup with salt, pepper, and a squeeze of lemon juice to taste"
Borsch (Beet Soup),8,"Optional: For a richer flavor, add cooked shredded beef or ground beef that has been browned beforehand"
Borsch (Beet Soup),9,Serve hot with a dollop of sour cream and chopped fresh dill (optional)
Curried Goat (Mexican Dish),1,Cut goat meat (bone-in or boneless) into bite-sized pieces
Curried Goat (Mexican Dish),2,"Marinate the goat meat in a mixture of yogurt, curry powder, turmeric, ground cumin, chopped onion, garlic cloves (optional), and chopped fresh herbs (e.g., thyme, cilantro) for at least 30 minutes"
Curried Goat (Mexican Dish),3,Heat vegetable oil in a large pot or Dutch oven over medium heat
Curried Goat (Mexican Dish),4,"Sauté chopped onions and peppers (bell pepper, scotch bonnet pepper for heat) until softened"
Curried Goat (Mexican Dish),5,Stir in the marinated goat meat and cook until browned on all sides
Curried Goat (Mexican Dish),6,Pour in coconut milk or chicken broth and bring to a simmer
Curried Goat (Mexican Dish),7,"Reduce heat and simmer for 1-1.5 hours, or until the goat meat is tender"
Curried Goat (Mexican Dish),8,Season the curry with salt and additional curry powder to taste
Curried Goat (Mexican Dish),9,Serve hot over cooked rice with chopped green onions for garnish (optional)
Lumpia (Thai Spring Rolls),1," ""Prepare lumpia wrappers according to package directions (thaw if frozen)"""
Lumpia (Thai Spring Rolls),2,"Prepare the filling:  Sauté ground pork, chopped onions, garlic cloves (optional), and chopped vegetables (e.g., carrots, peas) until cooked through"
Lumpia (Thai Spring Rolls),3,"Season the filling with soy sauce, fish sauce (optional), and chopped green onions"
Lumpia (Thai Spring Rolls),4,Place a spoonful of the filling in the center of a lumpia wrapper
Lumpia (Thai Spring Rolls),5,"Fold the wrapper into a tight roll, sealing the edges with a water-flour paste"
Lumpia (Thai Spring Rolls),6,Deep fry the lumpia rolls in hot oil (350°F/175°C) until golden brown and crispy
Lumpia (Thai Spring Rolls),7,Drain on paper towels to remove excess oil
Lumpia (Thai Spring Rolls),8,"Serve hot with your favorite dipping sauce (e.g., sweet and sour sauce, vinegar dipping sauce)"
Tom Kha Kai Kai Dao (Thai Coconut Curry Omelet),1,"Grind dried chilies (soaked 15 min.), lemongrass, galangal (optional), shallot, kaffir lime leaves, shrimp paste, turmeric, coriander root (optional), cumin seeds (optional), and salt into a paste using mortar and pestle or food processor"
Tom Kha Kai Kai Dao (Thai Coconut Curry Omelet),2,Whisk eggs with fish sauce (optional) in a bowl
Tom Kha Kai Kai Dao (Thai Coconut Curry Omelet),3,"Heat oil in a pan over medium heat and cook whisked eggs into an omelet, folding it in half when set"
Tom Kha Kai Kai Dao (Thai Coconut Curry Omelet),4,Heat coconut milk in a pot over medium heat
Tom Kha Kai Kai Dao (Thai Coconut Curry Omelet),5,Stir in the curry paste and simmer for a few minutes
Tom Kha Kai Kai Dao (Thai Coconut Curry Omelet),6,Add chicken pieces and simmer for 10-15 minutes
Tom Kha Kai Kai Dao (Thai Coconut Curry Omelet),7,"Season with fish sauce, palm sugar (or brown sugar), and lime juice"
Tom Kha Kai Kai Dao (Thai Coconut Curry Omelet),8,Add sliced mushrooms and simmer for an additional 5 minutes
Tom Kha Kai Kai Dao (Thai Coconut Curry Omelet),9,Fold the cooked omelet into the curry and heat through for a minute or two
Tom Kha Kai Kai Dao (Thai Coconut Curry Omelet),10,"Serve Tom Kha Kai Kai Dao in bowls with garnish (fresh cilantro, kaffir lime leaves, coconut cream) and cooked rice on the side"
Sauerbraten (German Pot Roast),1,"Marinate beef roast (round or chuck roast) in a mixture of red wine, vinegar, onions, carrots, and spices (bay leaves, peppercorns) for several days (3-5 days) in the refrigerator"
Sauerbraten (German Pot Roast),2,Remove the beef from the marinade and brown it in a hot pan
Sauerbraten (German Pot Roast),3,Strain the marinade and add it to a pot along with water or beef broth
Sauerbraten (German Pot Roast),4,"Bring the marinade to a boil, then reduce heat and simmer for a few hours, or until the beef is tender"
Sauerbraten (German Pot Roast),5,Remove the beef from the pot and let it cool slightly
Sauerbraten (German Pot Roast),6,Strain the cooking liquid and thicken it with a roux (butter and flour) if desired
Sauerbraten (German Pot Roast),7,"Slice the beef and serve with the sauce, mashed potatoes, and red cabbage (optional)"
Bulgogi (Korean Marinated Beef),1,Thinly slice beef (bulgogi cut or flank steak)
Bulgogi (Korean Marinated Beef),2,"Marinate the beef in a mixture of soy sauce, brown sugar, garlic, ginger, sesame oil, and other spices (gochujang for spice) for at least 30 minutes"
Bulgogi (Korean Marinated Beef),3,Heat a grill or grill pan over medium-high heat
Bulgogi (Korean Marinated Beef),4,"Grill the marinated beef for a few minutes per side, or until cooked through"
Bulgogi (Korean Marinated Beef),5,"Serve bulgogi on lettuce wraps with kimchi, rice, or noodles"
Nigerian Jollof Rice,1,Heat vegetable oil in a pot over medium heat
Nigerian Jollof Rice,2,"Chop onions, bell peppers, and tomatoes. Add them to the pot and saute until softened"
Nigerian Jollof Rice,3,"Add tomato paste, spices (thyme, bay leaf, curry powder), and stock (chicken or vegetable)"
Nigerian Jollof Rice,4,"Bring to a boil, then reduce heat and simmer for 10 minutes"
Nigerian Jollof Rice,5,Rinse long-grain rice and add it to the pot
Nigerian Jollof Rice,6,Pour in enough stock or water to cover the rice by about an inch
Nigerian Jollof Rice,7,Season with salt and pepper to taste
Nigerian Jollof Rice,8,"Bring to a boil, then reduce heat to low, cover the pot, and simmer for 15-20 minutes, or until the rice is cooked and fluffy"
Nigerian Jollof Rice,9,"Optional additions: cooked chicken, peas, or other vegetables"
Sarma (Stuffed Cabbage Leaves),1,Separate the cabbage leaves from the head by blanching the cabbage in boiling water
Sarma (Stuffed Cabbage Leaves),2,"Make the filling: Combine ground meat (beef, lamb, or a mixture), cooked rice, chopped onions, and spices (salt, pepper, paprika)"
Sarma (Stuffed Cabbage Leaves),3,Place a spoonful of filling on the wide end of a cabbage leaf
Sarma (Stuffed Cabbage Leaves),4,"Fold the sides of the leaf over the filling, then roll up tightly"
Sarma (Stuffed Cabbage Leaves),5,"Arrange the stuffed cabbage leaves in a large pot, seam side down"
Sarma (Stuffed Cabbage Leaves),6,Pour in tomato sauce or broth to cover the sarma
Sarma (Stuffed Cabbage Leaves),7,"Bring to a boil, then reduce heat and simmer for 1-2 hours, or until the cabbage leaves are tender and the filling is cooked through"
Sarma (Stuffed Cabbage Leaves),8,Serve sarma hot with a dollop of sour cream or yogurt (optional)
Gulas (Hungarian Goulash),1,Heat oil in a large Dutch oven over medium heat
Gulas (Hungarian Goulash),2,Brown beef chunks (stewing beef or short ribs)
Gulas (Hungarian Goulash),3,Add chopped onions and cook until softened
Gulas (Hungarian Goulash),4,"Stir in paprika, caraway seeds, and other spices (bay leaf, thyme)"
Gulas (Hungarian Goulash),5,Pour in beef broth or red wine (optional)
Gulas (Hungarian Goulash),6,"Bring to a boil, then reduce heat and simmer for 1-2 hours, or until beef is tender"
Gulas (Hungarian Goulash),7,"Optional additions: chopped potatoes, carrots, green peppers, chopped tomatoes (fresh or canned)"
Gulas (Hungarian Goulash),8,"Simmer for another 30 minutes, or until vegetables are tender"
Gulas (Hungarian Goulash),9,Season with salt and pepper to taste
Pirozhki (Russian Savory Buns),1,Dissolve yeast and sugar in warm milk and let sit for 5-10 minutes
Pirozhki (Russian Savory Buns),2,"In a large bowl, combine flour, salt, and melted butter"
Pirozhki (Russian Savory Buns),3,Add the yeast mixture and knead into a soft dough
Pirozhki (Russian Savory Buns),4,"Let the dough rise in a warm place for 1-2 hours, or until doubled in size"
Pirozhki (Russian Savory Buns),5,"Prepare your desired savory filling (e.g., ground meat, mashed potatoes, cabbage, mushrooms)"
Pirozhki (Russian Savory Buns),6,Punch down the dough and divide it into equal pieces
Pirozhki (Russian Savory Buns),7,Roll each dough piece into a circle and place some filling in the center
Pirozhki (Russian Savory Buns),8,"Pinch the dough edges to enclose the filling, forming a bun"
Pirozhki (Russian Savory Buns),9,"Optionally, brush the buns with egg wash for a golden brown color"
Pirozhki (Russian Savory Buns),10,"Bake the pirozhki in a preheated oven at 375°F (190°C) for 20-25 minutes, or until golden brown"
Chicken Kyiv (Chicken Kiev),1,"Pound boneless, skinless chicken breasts thin and even"
Chicken Kyiv (Chicken Kiev),2,Season the chicken with salt and pepper
Chicken Kyiv (Chicken Kiev),3,"Spread a pat of cold butter with herbs (e.g., parsley, dill) in the center of each chicken breast"
Chicken Kyiv (Chicken Kiev),4,Carefully roll up the chicken breasts to enclose the butter
Chicken Kyiv (Chicken Kiev),5,"Dip the rolled chicken in flour, then beaten egg, and finally breadcrumbs for a crispy coating"
Chicken Kyiv (Chicken Kiev),6,"Deep fry the breaded chicken or bake in a preheated oven at 400°F (200°C) for 20-25 minutes, or until cooked through"
Borscht (Ukrainian Borscht),1,Bring a large pot of water to a boil
Borscht (Ukrainian Borscht),2,"Add shredded or chopped beets, chopped onion, carrots, and potatoes to the boiling water"
Borscht (Ukrainian Borscht),3,"Reduce heat and simmer for 15-20 minutes, or until the vegetables are tender"
Borscht (Ukrainian Borscht),4,"While the vegetables simmer, shred cabbage (optional)"
Borscht (Ukrainian Borscht),5,"After 15-20 minutes, add the cabbage (if using) and chopped tomatoes (fresh or canned) to the pot"
Borscht (Ukrainian Borscht),6,Simmer for an additional 5 minutes
Borscht (Ukrainian Borscht),7,"Season the soup with salt, pepper, and a squeeze of lemon juice to taste"
Borscht (Ukrainian Borscht),8,"Optional: For a richer flavor, add cooked shredded beef or ground beef that has been browned beforehand"
Borscht (Ukrainian Borscht),9,Serve hot with a dollop of sour cream and chopped fresh dill (optional)
Shakshuka (Israeli Eggs in Spicy Tomato Sauce),1,Heat olive oil in a large skillet over medium heat
Shakshuka (Israeli Eggs in Spicy Tomato Sauce),2,"Sauté chopped onions and peppers (bell pepper, chili pepper for heat) until softened"
Shakshuka (Israeli Eggs in Spicy Tomato Sauce),3,"Add chopped tomatoes (fresh or canned) and your favorite spices (e.g., cumin, paprika, coriander)"
Shakshuka (Israeli Eggs in Spicy Tomato Sauce),4,"Simmer the tomato sauce for 10-15 minutes, allowing the flavors to meld"
Shakshuka (Israeli Eggs in Spicy Tomato Sauce),5,Create wells in the simmering sauce and crack eggs carefully into each well
Shakshuka (Israeli Eggs in Spicy Tomato Sauce),6,"Cover the skillet and simmer for 5-7 minutes, or until the egg whites are set and yolks are cooked to your preference"
Shakshuka (Israeli Eggs in Spicy Tomato Sauce),7,"Garnish with chopped fresh herbs (e.g., parsley, cilantro) and crumbled feta cheese (optional)"
Shakshuka (Israeli Eggs in Spicy Tomato Sauce),8,Serve shakshuka hot with crusty bread for dipping
Palačinky (Czech Sweet Crepes),1,"In a bowl, whisk together flour, sugar, salt, and eggs"
Palačinky (Czech Sweet Crepes),2,Gradually whisk in milk until a smooth batter forms (thin consistency)
Palačinky (Czech Sweet Crepes),3,Melt butter in a non-stick pan or crepe pan over medium heat
Palačinky (Czech Sweet Crepes),4,"Pour a ladleful of batter into the pan, swirling to coat the bottom"
Palačinky (Czech Sweet Crepes),5,"Cook for 1-2 minutes, or until the edges begin to brown and the bottom is loose"
Palačinky (Czech Sweet Crepes),6,"Use a spatula to carefully flip the crepe and cook for another 30 seconds, or until golden brown"
Palačinky (Czech Sweet Crepes),7,"Fill the cooked crepe with your desired sweet fillings (e.g., jam, Nutella, fruit, whipped cream)"
Palačinky (Czech Sweet Crepes),8,Fold or roll the crepe and serve immediately
Pörkölt (Hungarian Pork Stew),1,Heat oil in a large Dutch oven over medium heat
Pörkölt (Hungarian Pork Stew),2,Brown cubed pork shoulder or stew meat
Pörkölt (Hungarian Pork Stew),3,Add chopped onions and cook until softened
Pörkölt (Hungarian Pork Stew),4,"Stir in paprika, caraway seeds, and other spices (bay leaf, thyme)"
Pörkölt (Hungarian Pork Stew),5,Pour in beef broth or red wine (optional)
Pörkölt (Hungarian Pork Stew),6,"Bring to a boil, then reduce heat and simmer for 1-2 hours, or until pork is tender"
Pörkölt (Hungarian Pork Stew),7,"Optional additions: chopped potatoes, tomatoes (fresh or canned), bell peppers"
Pörkölt (Hungarian Pork Stew),8,"Simmer for another 30 minutes, or until vegetables are tender"
Pörkölt (Hungarian Pork Stew),9,Season with salt and pepper to taste
Pörkölt (Hungarian Pork Stew),10,"Serve with egg noodles, mashed potatoes, or rice"
Fiš paprikaš (Hungarian Fish Stew),1,Heat oil in a large pot over medium heat
Fiš paprikaš (Hungarian Fish Stew),2,"Saute chopped onions, peppers, and tomatoes (fresh or canned)"
Fiš paprikaš (Hungarian Fish Stew),3,"Add paprika, caraway seeds, and other spices (bay leaf, thyme)"
Fiš paprikaš (Hungarian Fish Stew),4,Pour in white wine or fish broth
Fiš paprikaš (Hungarian Fish Stew),5,"Bring to a boil, then reduce heat and simmer for 10 minutes"
Fiš paprikaš (Hungarian Fish Stew),6,"Add large pieces of white fish (cod, halibut)"
Fiš paprikaš (Hungarian Fish Stew),7,"Simmer for an additional 10-15 minutes, or until fish is cooked through"
Fiš paprikaš (Hungarian Fish Stew),8,Season with salt and pepper to taste
Fiš paprikaš (Hungarian Fish Stew),9,Garnish with chopped fresh parsley (optional)
Fiš paprikaš (Hungarian Fish Stew),10,Serve hot with crusty bread
Špekáčky (Grilled Sausages),1,Preheat grill or grill pan to medium-high heat
Špekáčky (Grilled Sausages),2,"Boil špekáčky (smoked sausages) in water for a few minutes (optional, to split the casings)"
Špekáčky (Grilled Sausages),3,"Grill the špekáčky for a few minutes per side, or until browned and cooked through"
Špekáčky (Grilled Sausages),4,Špekáčky can also be pan-fried or baked
Špekáčky (Grilled Sausages),5,"Serve špekáčky on hamburger buns with mustard, ketchup, and sauerkraut (optional)"
Burek (Serbian Savory Pie),1,"Make the dough: Combine flour, water, oil, and salt. Knead until smooth and elastic. Let rest for 30 minutes"
Burek (Serbian Savory Pie),2,"Prepare the filling: Saute chopped onions, ground meat (beef or lamb), and spices (paprika, cumin)"
Burek (Serbian Savory Pie),3,"Optional fillings: spinach and cheese, potato and cheese, just cheese"
Burek (Serbian Savory Pie),4,Roll out the dough thinly on a floured surface
Burek (Serbian Savory Pie),5,Brush the dough with melted butter or oil
Burek (Serbian Savory Pie),6,Sprinkle the filling over the dough
Burek (Serbian Savory Pie),7,Roll up the dough jelly-roll style
Burek (Serbian Savory Pie),8,Cut the roll into pieces and place them in a greased baking dish
Burek (Serbian Savory Pie),9,Brush the burek with beaten egg (optional)
Burek (Serbian Savory Pie),10,"Bake in a preheated oven at 375°F (190°C) for 40-45 minutes, or until golden brown"
Ajvar (Serbian Pepper Spread),1,Roast red bell peppers in the oven until blackened
Ajvar (Serbian Pepper Spread),2,"Alternatively, grill the peppers over an open flame"
Ajvar (Serbian Pepper Spread),3,Peel the roasted peppers and remove the seeds
Ajvar (Serbian Pepper Spread),4,"Puree the peppers in a food processor with olive oil, garlic (optional), and a squeeze of lemon juice (optional)"
Ajvar (Serbian Pepper Spread),5,Season with salt and pepper to taste
Ajvar (Serbian Pepper Spread),6,"Simmer the pepper puree in a pot over low heat for 10-15 minutes, or until thickened"
Cottage Cheese Pancakes (Serbian Palačinke),1,"In a medium bowl, combine cottage cheese, sugar, egg yolk, and vanilla extract (optional)"
Cottage Cheese Pancakes (Serbian Palačinke),2,Mash the cottage cheese mixture with a fork or potato masher until mostly smooth (can leave some small curds)
Cottage Cheese Pancakes (Serbian Palačinke),3,"In a separate bowl, whisk together flour, salt, and baking powder"
Cottage Cheese Pancakes (Serbian Palačinke),4,Gradually whisk the dry ingredients into the cottage cheese mixture until just combined (batter should be slightly thick)
Cottage Cheese Pancakes (Serbian Palačinke),5,"In a third small bowl, beat the egg white until stiff peaks form"
Cottage Cheese Pancakes (Serbian Palačinke),6,Gently fold the whipped egg white into the batter until incorporated
Cottage Cheese Pancakes (Serbian Palačinke),7,Heat butter or oil in a non-stick pan or crepe pan over medium heat
Cottage Cheese Pancakes (Serbian Palačinke),8,"Pour a ladleful of batter into the pan, swirling to coat the bottom"
Cottage Cheese Pancakes (Serbian Palačinke),9,"Cook for 1-2 minutes, or until the edges begin to brown and the bottom is loose"
Cottage Cheese Pancakes (Serbian Palačinke),10,"Use a spatula to carefully flip the crepe and cook for another 30 seconds, or until golden brown"
Cottage Cheese Pancakes (Serbian Palačinke),11,"Serve hot with your favorite toppings (e.g., sour cream, jam, fruit, maple syrup)"
Chicken Paprikash (Hungarian Paprika Chicken),1,"Cut boneless, skinless chicken thighs or breasts into bite-sized pieces"
Chicken Paprikash (Hungarian Paprika Chicken),2,Season the chicken with salt and pepper
Chicken Paprikash (Hungarian Paprika Chicken),3,Heat vegetable oil in a large Dutch oven or pot over medium heat
Chicken Paprikash (Hungarian Paprika Chicken),4,Dredge the chicken pieces in flour and brown them on all sides in the hot oil
Chicken Paprikash (Hungarian Paprika Chicken),5,Remove the browned chicken from the pot and set aside
Chicken Paprikash (Hungarian Paprika Chicken),6,"Add chopped onions and paprika to the pot, stirring to coat"
Chicken Paprikash (Hungarian Paprika Chicken),7,"Cook the onions and paprika for a few minutes, until softened and fragrant"
Chicken Paprikash (Hungarian Paprika Chicken),8,Pour in chicken broth or white wine and scrape up any browned bits from the bottom of the pot
Chicken Paprikash (Hungarian Paprika Chicken),9,Bring the broth to a simmer and return the chicken pieces to the pot
Chicken Paprikash (Hungarian Paprika Chicken),10,"Reduce heat and simmer for 15-20 minutes, or until the chicken is cooked through"
Chicken Paprikash (Hungarian Paprika Chicken),11,"In a small bowl, whisk together sour cream and egg yolk (optional) to create a thickening agent"
Chicken Paprikash (Hungarian Paprika Chicken),12,"Gradually whisk the sour cream mixture into the simmering sauce, stirring constantly"
Chicken Paprikash (Hungarian Paprika Chicken),13,"Season the sauce with additional paprika (to taste), salt, and pepper"
Chicken Paprikash (Hungarian Paprika Chicken),14,Serve Chicken Paprikash over cooked egg noodles (optional) or rice
Fish and Chips (English Classic),1,"Pat white fish fillets (cod, haddock) dry with paper towels"
Fish and Chips (English Classic),2,Season the fish with salt and pepper
Fish and Chips (English Classic),3,"Prepare a beer batter (optional) or a simple batter of flour, eggs, milk, and seasonings"
Fish and Chips (English Classic),4,"Dip the fish fillets in the batter, coating them evenly"
Fish and Chips (English Classic),5,Heat vegetable oil in a large pot or deep fryer to 350°F (175°C)
Fish and Chips (English Classic),6,"Carefully fry the battered fish for 3-5 minutes, or until golden brown and cooked through"
Fish and Chips (English Classic),7,Peel and cut potatoes into thick sticks (chips)
Fish and Chips (English Classic),8,Par-boil the chips in boiling water for a few minutes to soften them slightly
Fish and Chips (English Classic),9,Drain the chips and let them dry completely
Fish and Chips (English Classic),10,Heat the oil in the pot or deep fryer to a higher temperature (375°F/190°C)
Fish and Chips (English Classic),11,"Fry the par-boiled chips in batches for 2-3 minutes, or until golden brown and crispy"
Fish and Chips (English Classic),12,Drain the chips on paper towels to remove excess oil
Fish and Chips (English Classic),13,Season the fried fish and chips with salt and malt vinegar (optional) for a classic English touch
Fish and Chips (English Classic),14,Serve hot with tartar sauce (recipe can be found online) for dipping
Chicken Kiev Pie (English),1,"Prepare Chicken Kiev: Pound boneless, skinless chicken breasts thin and even. Season with salt and pepper. Spread a pat of cold butter with herbs (e.g., parsley, dill) in the center of each chicken breast. Carefully roll up the chicken breasts to enclose the butter. Dip the rolled chicken in flour, then beaten egg, and finally breadcrumbs for a crispy coating"
Chicken Kiev Pie (English),2,Encase the rolled chicken breasts in puff pastry dough
Chicken Kiev Pie (English),3,Seal the puff pastry dough edges and brush with egg wash for a golden brown crust
Chicken Kiev Pie (English),4,"Bake the Chicken Kiev Pie in a preheated oven at 400°F (200°C) for 25-30 minutes, or until the pastry is golden brown and the chicken is cooked through"
Chicken Kiev Pie (English),5,Let the Chicken Kiev Pie cool slightly before serving. Slice and enjoy!
Ukrainian Borscht with Meatballs,1,"In a separate bowl, combine ground beef, breadcrumbs, chopped onion (optional), egg (optional), salt, and pepper to make meatballs. Mix well and roll into small balls"
Ukrainian Borscht with Meatballs,2,"Brown the meatballs in a skillet with a little oil over medium heat. Once browned on all sides, drain any excess grease"
Ukrainian Borscht with Meatballs,3,Bring a large pot of water to a boil
Ukrainian Borscht with Meatballs,4,"Add shredded or chopped beets, chopped onion, carrots, and potatoes to the boiling water"
Ukrainian Borscht with Meatballs,5,"Reduce heat and simmer for 15-20 minutes, or until the vegetables are tender"
Ukrainian Borscht with Meatballs,6,"While the vegetables simmer, shred cabbage (optional)"
Ukrainian Borscht with Meatballs,7,"After 15-20 minutes, add the cabbage (if using) and chopped tomatoes (fresh or canned) to the pot"
Ukrainian Borscht with Meatballs,8,Simmer for an additional 5 minutes
Ukrainian Borscht with Meatballs,9,"Season the soup with salt, pepper, and a squeeze of lemon juice to taste"
Ukrainian Borscht with Meatballs,10,Add the browned meatballs to the pot with the simmering vegetables and broth
Ukrainian Borscht with Meatballs,11,"Continue simmering the borscht with meatballs for an additional 10-15 minutes, or until the meatballs are cooked through and the flavors have melded"
Ukrainian Borscht with Meatballs,12,Serve hot with a dollop of sour cream and chopped fresh dill (optional)
Kreplach (Jewish Dumplings),1,"For the dough: Combine flour, eggs, and water. Knead until smooth and elastic. Let rest for 30 minutes"
Kreplach (Jewish Dumplings),2,"For the filling: Saute chopped onions and mushrooms. Mix with mashed potatoes, grated cheese, and seasonings (salt, pepper)"
Kreplach (Jewish Dumplings),3,"Optional fillings: ground meat, sauerkraut, sweet fillings (fruit, cheese)"
Kreplach (Jewish Dumplings),4,Roll out the dough thinly on a floured surface
Kreplach (Jewish Dumplings),5,Use a cookie cutter or a glass to cut out circles of dough
Kreplach (Jewish Dumplings),6,Place a spoonful of filling in the center of each dough circle
Kreplach (Jewish Dumplings),7,Fold the dough over the filling and crimp the edges with a fork to seal
Kreplach (Jewish Dumplings),8,Bring a large pot of salted water to a boil
Kreplach (Jewish Dumplings),9,"Cook the kreplach for 3-5 minutes, or until they float to the surface"
Kreplach (Jewish Dumplings),10,"Serve with chicken soup, sour cream, or fried onions"
Solyanka (Russian Meat Stew),1,Heat oil in a large pot or Dutch oven over medium heat
Solyanka (Russian Meat Stew),2,"Brown cubed beef, sausage (kielbasa or andouille), and ham"
Solyanka (Russian Meat Stew),3,Add chopped onions and cook until softened
Solyanka (Russian Meat Stew),4,"Stir in tomato paste, sauerkraut, and beef broth"
Solyanka (Russian Meat Stew),5,"Bring to a boil, then reduce heat and simmer for 1-2 hours, or until the meat is tender"
Solyanka (Russian Meat Stew),6,"Optional additions: chopped vegetables (potatoes, carrots, olives)"
Solyanka (Russian Meat Stew),7,"Simmer for another 15 minutes, or until vegetables are tender"
Solyanka (Russian Meat Stew),8,"Season with salt, pepper, and a squeeze of lemon juice to taste"
Solyanka (Russian Meat Stew),9,Garnish with chopped fresh dill or parsley (optional)
Solyanka (Russian Meat Stew),10,Serve hot with crusty bread
Ceviche,1,"Cut fresh raw fish (such as tuna, salmon, or sea bass) into bite-sized cubes"
Ceviche,2,"Marinate the fish in lime juice, chopped onions, chilies, and cilantro for at least 30 minutes, or until the fish is opaque and cooked through by the acid"
Ceviche,3,"In a separate bowl, toss together chopped avocado, tomatoes, red onion, and chopped fresh cilantro"
Ceviche,4,Season with salt and pepper to taste
Ceviche,5,"Serve the ceviche with the avocado mixture, along with fried plantains or tortilla chips (optional)"
Coq au Vin,1,"Marinate chicken pieces (bone-in, skin-on) in red wine, brandy, onions, carrots, and herbs (thyme, bay leaf) for at least 4 hours, or overnight"
Coq au Vin,2,Remove the chicken from the marinade and brown it in a hot pan
Coq au Vin,3,Strain the marinade and pour it into a pot or Dutch oven
Coq au Vin,4,"Bring the marinade to a boil, then add the browned chicken and any vegetables from the marinade"
Coq au Vin,5,"Bring to a simmer and cook for 1-1.5 hours, or until the chicken is cooked through"
Coq au Vin,6,"Optional additions: pearl onions, mushrooms"
Coq au Vin,7,Thicken the sauce with a roux (butter and flour) if desired
Coq au Vin,8,"Serve coq au vin with mashed potatoes, rice, or egg noodles"
Gyoza,1,"For the wrappers: Combine flour, water, and a pinch of salt. Knead until smooth and elastic. Let rest for 30 minutes"
Gyoza,2,"For the filling: Ground pork, shredded cabbage, minced ginger, garlic, and soy sauce"
Gyoza,3,"Optional fillings: shrimp and vegetable, chicken and vegetable"
Gyoza,4,Roll out the dough thinly on a floured surface
Gyoza,5,Use a gyoza wrapper cutter or a circle cutter to cut out rounds from the dough
Gyoza,6,Place a spoonful of filling in the center of each dough round
Gyoza,7,Moisten the edges of the dough with water
Tiramisu,1,Separate egg yolks from egg whites
Tiramisu,2,Beat the egg yolks with sugar until light and fluffy
Tiramisu,3,Whisk in mascarpone cheese until smooth
Tiramisu,4,"In a separate bowl, beat the egg whites until stiff peaks form"
Tiramisu,5,Gently fold the egg whites into the mascarpone mixture
Tiramisu,6,Dip ladyfingers (sponge cookies) in espresso or coffee
Tiramisu,7,Arrange a layer of ladyfingers in a baking dish
Tiramisu,8,Spread a layer of the mascarpone mixture over the ladyfingers
Tiramisu,9,"Repeat the layers of ladyfingers and mascarpone mixture, ending with mascarpone"
Tiramisu,10,Dust the top with cocoa powder
Tiramisu,11,"Refrigerate for at least 4 hours, or overnight, for best results"
Croissants,1,"Make the dough: Combine flour, yeast, sugar, and salt. Add milk and egg, and knead until smooth and elastic. Let rise for 1-2 hours"
Croissants,2,Fold in cold butter and perform several rounds of folding and resting the dough
Croissants,3,"Roll out the dough into a rectangle, then fold it over itself several times (lamination)"
Croissants,4,Cut the dough into triangles and roll them up crescent-shaped
Croissants,5,Let the croissants rise again for 30-60 minutes
Croissants,6,"Bake in a preheated oven at 375°F (190°C) for 20-25 minutes, or until golden brown and flaky"
Miso Soup,1,Prepare dashi (Japanese fish broth) using kombu (kelp) and katsuobushi (dried bonito flakes) 
Miso Soup,2,"Alternatively, use store-bought dashi"
Miso Soup,3,Bring the dashi to a boil
Miso Soup,4,"Reduce heat to low and add miso paste. Stir until miso is dissolved, but do not boil"
Miso Soup,5,"Optional additions: tofu, wakame seaweed, green onions"
Miso Soup,6,Serve hot in bowls
Tandoori Chicken,1,"Marinate chicken pieces (bone-in or boneless) in yogurt, lemon juice, ginger, garlic, and tandoori masala for at least 30 minutes, or preferably overnight"
Tandoori Chicken,2,Preheat tandoor oven or grill to high heat
Tandoori Chicken,3,Thread the marinated chicken pieces onto skewers
Tandoori Chicken,4,"Cook the chicken in the tandoor oven or on the grill, turning occasionally, until cooked through"
Tandoori Chicken,5,The chicken will develop a reddish color from the tandoori masala
Tandoori Chicken,6,"Serve tandoori chicken with naan bread, raita (yogurt sauce with cucumber), and chutney (optional)"
Ćevapčići (Grilled Minced Meat Rolls),1,"Mix ground beef or lamb with finely chopped onions, grated garlic, breadcrumbs, and spices (cayenne pepper, paprika, cumin)"
Ćevapčići (Grilled Minced Meat Rolls),2,Season with salt and pepper to taste
Ćevapčići (Grilled Minced Meat Rolls),3,Shape the mixture into small sausages or elongated patties
Ćevapčići (Grilled Minced Meat Rolls),4,Preheat grill or grill pan to medium-high heat
Ćevapčići (Grilled Minced Meat Rolls),5,"Grill the ćevapčići for a few minutes per side, or until cooked through"
Ćevapčići (Grilled Minced Meat Rolls),6,"Serve ćevapčići in somun bread (pita bread) with chopped onions, sour cream, and kajmak (cream similar to clotted cream, optional)  "
Pljeskavica (Grilled Flatbread Burger),1,"Mix ground beef and pork (or just beef) with chopped onions, garlic, paprika, and salt"
Pljeskavica (Grilled Flatbread Burger),2,"Optional additions: grated cheese, breadcrumbs, sparkling water (for a lighter texture)"
Pljeskavica (Grilled Flatbread Burger),3,Form the mixture into thick patties larger than a hamburger
Pljeskavica (Grilled Flatbread Burger),4,Preheat grill or grill pan to medium-high heat
Pljeskavica (Grilled Flatbread Burger),5,"Grill the pljeskavica for a few minutes per side, or until cooked through"
Pljeskavica (Grilled Flatbread Burger),6,"Serve pljeskavica on lepinja bread (Serbian flatbread) with chopped onions, kajmak (cream similar to clotted cream), ajvar (roasted red pepper spread), and sour cream (optional)"
Punjene Paprike (Stuffed Peppers),1,Halve bell peppers and remove seeds and membranes
Punjene Paprike (Stuffed Peppers),2,"Prepare the filling: Saute ground meat (beef or lamb) with chopped onions, rice, and spices (paprika, cumin)"
Punjene Paprike (Stuffed Peppers),3,"Optional fillings: vegetarian with lentils, mushrooms, or bulgur wheat"
Punjene Paprike (Stuffed Peppers),4,Stuff the pepper halves with the filling
Punjene Paprike (Stuffed Peppers),5,Place the stuffed peppers in a baking dish or pot
Punjene Paprike (Stuffed Peppers),6,Pour tomato sauce or broth over the peppers
Punjene Paprike (Stuffed Peppers),7,"Bake in a preheated oven at 375°F (190°C) for 45-50 minutes, or until the peppers are tender and the filling is cooked through"
Gibanica (Savory Pie),1,"Make the dough: Combine flour, water, oil, and salt. Knead until smooth and elastic. Let rest for 30 minutes"
Gibanica (Savory Pie),2,"Prepare the fillings: One filling can be a mixture of sauteed onions, grated cheese (feta or phyllo cheese), and eggs"
Gibanica (Savory Pie),3,Another filling can be chopped spinach sauteed with garlic and ricotta cheese
Gibanica (Savory Pie),4,"Optional fillings: minced meat, potatoes"
Gibanica (Savory Pie),5,Roll out the dough thinly on a floured surface
Gibanica (Savory Pie),6,Brush the dough with melted butter or oil
Gibanica (Savory Pie),7,Layer the different fillings on the dough
Gibanica (Savory Pie),8,Roll up the dough jelly-roll style
Gibanica (Savory Pie),9,Coil the roll into a snail shape and place it in a greased baking dish
Gibanica (Savory Pie),10,Brush the top with beaten egg (optional)
Gibanica (Savory Pie),11,"Bake in a preheated oven at 375°F (190°C) for 45-50 minutes, or until golden brown"
Pasulj (Bean Stew),1,Soak dried beans (usually white beans) overnight in water
Pasulj (Bean Stew),2,Drain the beans and rinse them
Pasulj (Bean Stew),3,"Boil the beans in water with chopped onions, carrots, and bay leaf"
Pasulj (Bean Stew),4,Season with salt and pepper
Pasulj (Bean Stew),5,"Optional additions: smoked sausage, diced tomatoes, chopped potatoes"
Pasulj (Bean Stew),6,"Simmer for several hours, or until the beans are tender"
Pasulj (Bean Stew),7,You can mash some of the beans for a thicker stew (optional)
Popara (Cornbread with Cheese),1,"Combine cornmeal, flour, salt, and baking powder in a bowl"
Popara (Cornbread with Cheese),2,Gradually whisk in milk or buttermilk until a batter forms
Popara (Cornbread with Cheese),3,Stir in crumbled cheese (feta or cheddar)
Popara (Cornbread with Cheese),4,Heat oil in a skillet over medium heat
Popara (Cornbread with Cheese),5,"Pour the batter into the skillet and cook for a few minutes per side, or until golden brown and cooked through"
Zeljanka (Sauerkraut Stew),1,Saute chopped onions and smoked sausage in a pot
Zeljanka (Sauerkraut Stew),2,"Add sauerkraut, diced tomatoes, and beef broth"
Zeljanka (Sauerkraut Stew),3,"Season with salt, pepper, and caraway seeds (optional)"
Zeljanka (Sauerkraut Stew),4,"Bring to a boil, then reduce heat and simmer for 30-45 minutes, or until the flavors have melded"
